id,outcome
1000,0.6642734119433719
1001,0.5273518197186354
1002,0.51847947700584
1003,0.517198395602753
1004,0.5171962127469866
1005,0.5321040935690207
1006,0.517079749756561
1007,0.5170760811690378
1008,0.5172345291291363
1009,0.5603829215409244
1010,0.6730249947911505
1011,0.5170206400937414
1012,0.5561233752731841
1013,0.5269849794892223
1014,0.5272312745256404
1015,0.5273804517650259
1016,0.5278492185141326
1017,0.6995710175828082
1018,0.5273978555950003
1019,0.5318286872060315
1020,0.5172133453461302
1021,0.5324362875962068
1022,0.5456198824798781
1023,0.5277486214175248
1024,0.6641468382004615
1025,0.5368139547163426
1026,0.5276785183533494
1027,0.5240266209512856
1028,0.5367335592300522
1029,0.5317162638205014
1030,0.5169576123248714
1031,0.5278971350140386
1032,0.6192653246129957
1033,0.5318165637090784
1034,0.5170538234021494
1035,0.6636841120101415
1036,0.5316184358943286
1037,0.532114027191787
1038,0.6816852658008545
1039,0.5325771250071603
1040,0.5274472870988688
1041,0.5316409892934864
1042,0.5459078548364107
1043,0.5368112354162078
1044,0.5276030419507209
1045,0.5368532178562831
1046,0.5277884918456388
1047,0.551491930572092
1048,0.6729132064599084
1049,0.5273771326430814
1050,0.5322856736253943
1051,0.5743214283183609
1052,0.6766330806121189
1053,0.5316810972959547
1054,0.527961578321183
1055,0.5638254202392347
1056,0.5506610413091861
1057,0.5269737880469277
1058,0.6769712754315333
1059,0.5316706016849329
1060,0.5316229444125756
1061,0.5318270003610274
1062,0.677105625829316
1063,0.5272952829386794
1064,0.5316636699019103
1065,0.5506194159592516
1066,0.5276831582080335
1067,0.5170282721734761
1068,0.5172414123630527
1069,0.6810330362975282
1070,0.7001841604850991
1071,0.5174046054276633
1072,0.6528204937072215
1073,0.540756247867366
1074,0.5320652432422248
1075,0.5316744907173925
1076,0.5170737462794636
1077,0.6770374107455626
1078,0.5170692828024809
1079,0.5169953305449838
1080,0.5460386175788171
1081,0.5322581660964293
1082,0.5276575814924298
1083,0.5170270150948595
1084,0.5316455450027886
1085,0.5278093406052432
1086,0.5274342016427739
1087,0.5273867407547554
1088,0.5172274076516377
1089,0.5274557059101345
1090,0.5276036938688456
1091,0.5275079148374019
1092,0.5317997252769161
1093,0.5170689060368727
1094,0.5275139765238452
1095,0.5273211446328222
1096,0.5410915741080337
1097,0.5316494915081855
1098,0.5316343984413484
1099,0.6370366621763539
1100,0.5320717187697117
1101,0.5171829251053055
1102,0.527792242183604
1103,0.5171942577398426
1104,0.5172002022688859
1105,0.6769336137715692
1106,0.6730969431103738
1107,0.5636909483185604
1108,0.5316093833864597
1109,0.525192264307191
1110,0.5245073306513636
1111,0.5367673272340401
1112,0.532261591604044
1113,0.5651340488253656
1114,0.5274294804462626
1115,0.5504803996628524
1116,0.5322079817754105
1117,0.5171407454626105
1118,0.6728776003366812
1119,0.526982302857575
1120,0.5318276329323155
1121,0.5503510480533661
1122,0.5318476121285551
1123,0.5315980699426744
1124,0.5274281921767267
1125,0.5172404876556721
1126,0.5170275798547068
1127,0.5423362083339506
1128,0.5171990979805585
1129,0.5423921283897539
1130,0.5172381839943498
1131,0.5316740800310853
1132,0.532067743400037
1133,0.6771372073416132
1134,0.536636036698046
1135,0.6461540620131467
1136,0.5320852013770714
1137,0.5504214163627152
1138,0.5321129536806066
1139,0.5341232031168154
1140,0.527413660902132
1141,0.5274135593176948
1142,0.5318039131881217
1143,0.5274232949933831
1144,0.5172270202406813
1145,0.5170148561884739
1146,0.5321611919508916
1147,0.6730066231884858
1148,0.5272009512975141
1149,0.532145349392815
1150,0.5274277652838393
1151,0.5316380584043916
1152,0.5170014489540776
1153,0.5273767902951235
1154,0.5170439448942498
1155,0.5367829675391729
1156,0.5271172531236066
1157,0.517223781213853
1158,0.5503179001664718
1159,0.5322803325931957
1160,0.5511443604736331
1161,0.5316696115684041
1162,0.5255662356063178
1163,0.5320826973987252
1164,0.5172394675651318
1165,0.663944554131769
1166,0.5169724533909154
1167,0.532287957819444
1168,0.677549788859248
1169,0.543213681339379
1170,0.531853126321585
1171,0.5316317789179457
1172,0.5249472630230965
1173,0.5324385811599589
1174,0.5172104115980151
1175,0.5169692951077723
1176,0.5274482489472277
1177,0.5586147411678998
1178,0.5170619860121425
1179,0.5367966230650701
1180,0.5462886248866432
1181,0.5172179315021507
1182,0.540970248258178
1183,0.5316098298208396
1184,0.7700614463957283
1185,0.532280093368729
1186,0.6772104792189518
1187,0.525283084736488
1188,0.5694309914460439
1189,0.5250889456902752
1190,0.5170791546427125
1191,0.517202600863361
1192,0.7619266446890178
1193,0.5508427006245421
1194,0.6174650670162207
1195,0.6770125745418156
1196,0.6640434188834291
1197,0.551361832589327
1198,0.5274558072349521
1199,0.5170764594873544
1200,0.5276111056963991
1201,0.541220394258611
1202,0.5269909548835046
1203,0.5170520016485894
1204,0.5269641994596163
1205,0.5260729724908576
1206,0.5274301485086118
1207,0.5275860376778011
1208,0.517068515449726
1209,0.5277698050799929
1210,0.5316967396237743
1211,0.5503719913417052
1212,0.5275274238189974
1213,0.5172138620342644
1214,0.5366938175100033
1215,0.6724884896503602
1216,0.5273615787378924
1217,0.5222495604656496
1218,0.6937511652717259
1219,0.5273667038794552
1220,0.6526179124345924
1221,0.5274475159486075
1222,0.5170563362193292
1223,0.5440746147861146
1224,0.5367876559018733
1225,0.5275671858364002
1226,0.5318093606242061
1227,0.5374982653770795
1228,0.5363728561835531
1229,0.5505516292346817
1230,0.5170402219166947
1231,0.5315937572212021
1232,0.6353070111364941
1233,0.6851661528999354
1234,0.521174059454229
1235,0.5277611118334086
1236,0.5697172504401904
1237,0.5320842415170046
1238,0.520661075539453
1239,0.531683054741343
1240,0.6934127568080153
1241,0.5322293684411664
1242,0.5170333680080063
1243,0.5170027194700133
1244,0.5320642697589802
1245,0.5322785719082268
1246,0.5273911156646566
1247,0.517071840530242
1248,0.5503094455969424
1249,0.5172407216267624
1250,0.6847746461094719
1251,0.6641518210195775
1252,0.5441420539171055
1253,0.5458983730571759
1254,0.517044101568021
1255,0.5322848530956287
1256,0.5170203705992251
1257,0.5276364932711475
1258,0.6147889226058277
1259,0.6412022508522105
1260,0.5321317304230148
1261,0.5172233620804417
1262,0.5270286785434178
1263,0.5588844510447059
1264,0.5275790347478676
1265,0.5366784404872872
1266,0.5507056986756911
1267,0.5244414536091994
1268,0.5274864949745813
1269,0.5274100630320248
1270,0.5318309887400006
1271,0.5321235139935099
1272,0.5275317230682555
1273,0.5274043218321778
1274,0.526948961285483
1275,0.5316082220583227
1276,0.5318096439827152
1277,0.5172439315247579
1278,0.5316839930072031
1279,0.5318278176555996
1280,0.5316834646314391
1281,0.7731719466971942
1282,0.5238584730494883
1283,0.5243656314548345
1284,0.5322394288501391
1285,0.5273828708794029
1286,0.5277590055997856
1287,0.5365832191668725
1288,0.6728147352792843
1289,0.5274075292279062
1290,0.6565318283511316
1291,0.5172349468669475
1292,0.5279464444868607
1293,0.5396948207724446
1294,0.5269705818856958
1295,0.6663951602043385
1296,0.5456791592624994
1297,0.5275965930890054
1298,0.5321289810760789
1299,0.5321121681257038
1300,0.5368195431884254
1301,0.5503126355995598
1302,0.6638389921469393
1303,0.5171981006851238
1304,0.5246816422488776
1305,0.527510664173189
1306,0.5591058907316911
1307,0.5512718651691415
1308,0.527370656261823
1309,0.5445530621180221
1310,0.5172287137910457
1311,0.5367623910726272
1312,0.5261033482226044
1313,0.5367624460058424
1314,0.5317536077437007
1315,0.5276032271246149
1316,0.5275710811688702
1317,0.5172224434985309
1318,0.5172197653417989
1319,0.5273996285693782
1320,0.6730908026363748
1321,0.5172114625267618
1322,0.5171933274237365
1323,0.5367930976894025
1324,0.5222639311732271
1325,0.5275804230946792
1326,0.5395246847318422
1327,0.536548427069616
1328,0.531663938162525
1329,0.532120111420415
1330,0.5276027135007848
1331,0.5321354468358925
1332,0.6766793372540428
1333,0.550551608235125
1334,0.5172286310926119
1335,0.532802073818801
1336,0.531617647092085
1337,0.5515387032764323
1338,0.5461586461661085
1339,0.5273739911512065
1340,0.528107216056564
1341,0.5363376130085018
1342,0.5366621299051239
1343,0.6213423602505779
1344,0.5318336674056601
1345,0.5169595668314357
1346,0.53166558097184
1347,0.5274457638601587
1348,0.5270979714399757
1349,0.6728083756552329
1350,0.5273851847201987
1351,0.5274043196297133
1352,0.5503633859625279
1353,0.639127709967366
1354,0.5712302901204788
1355,0.5318089060477599
1356,0.5503475007585863
1357,0.5324425967407168
1358,0.5460214026686552
1359,0.5172414349603801
1360,0.5315894855601921
1361,0.5321153548392619
1362,0.5368017814384162
1363,0.5275501761076173
1364,0.5412091537805037
1365,0.673056815596942
1366,0.5275404956311388
1367,0.5322634677261079
1368,0.6767367127803255
1369,0.6360068514959656
1370,0.5171914205963315
1371,0.5322660295672387
1372,0.5172197730831076
1373,0.5318315460789272
1374,0.5170610952391281
1375,0.5170787647120736
1376,0.5320780250348379
1377,0.5320627345099307
1378,0.5170702922397932
1379,0.5273589798058155
1380,0.6728724331599419
1381,0.5170477619966893
1382,0.5269735839252683
1383,0.5275956898461771
1384,0.5325222373024836
1385,0.5170099296883556
1386,0.5274132289844288
1387,0.5171703460219841
1388,0.5170855376850433
1389,0.5172313481931123
1390,0.7728043696392157
1391,0.5321352208393161
1392,0.6736914317960692
1393,0.550324932866667
1394,0.532102679241416
1395,0.532248714505044
1396,0.5171898569604079
1397,0.5172386331354459
1398,0.5368098378141095
1399,0.5172192620841379
1400,0.5511914355145817
1401,0.5274271194911008
1402,0.5322833181159385
1403,0.5170733893234837
1404,0.541444259590688
1405,0.51708152894955
1406,0.5170782081047124
1407,0.5320607709104979
1408,0.527426665924911
1409,0.6856355416374232
1410,0.5171958961683379
1411,0.5170778069946136
1412,0.5169869745132964
1413,0.5512908053001542
1414,0.5172234382986131
1415,0.6642192511592051
1416,0.5277037346124193
1417,0.52693793612955
1418,0.5170722800787627
1419,0.5172349348505227
1420,0.5170211737672229
1421,0.5274403914718617
1422,0.5274501263853892
1423,0.5321988487044714
1424,0.5276060783148808
1425,0.5321035979652445
1426,0.5170765475739237
1427,0.6816280830221928
1428,0.53209914881358
1429,0.5410050215710631
1430,0.5274045909424435
1431,0.5170533822115424
1432,0.532103361550707
1433,0.5275960160597226
1434,0.5273362985706912
1435,0.5416124916176775
1436,0.5273786791451014
1437,0.5321282536341196
1438,0.5368577106373151
1439,0.5170046110880282
1440,0.5316251938058765
1441,0.5272445559608674
1442,0.6771054568129843
1443,0.5170651866382359
1444,0.6322815665945702
1445,0.6180732501771835
1446,0.526978653125528
1447,0.6769341460378681
1448,0.6572299306791143
1449,0.5172412542332061
1450,0.5170822769970558
1451,0.5172016051237198
1452,0.6428980498665279
1453,0.5276457123283173
1454,0.531780642669631
1455,0.5197585045346699
1456,0.5318522784325678
1457,0.5172136519828487
1458,0.5170629940045532
1459,0.6734302063596042
1460,0.5171934589050856
1461,0.5170200147104385
1462,0.6732490479033497
1463,0.5316749215669149
1464,0.5243631516665838
1465,0.5273868416308041
1466,0.5170606203307699
1467,0.5271467330940074
1468,0.6275291846494574
1469,0.6709584364987924
1470,0.5170631573230138
1471,0.550871052617018
1472,0.5322773512113806
1473,0.5199737518800892
1474,0.6642622679704447
1475,0.5274174817955118
1476,0.5170040021250025
1477,0.5325327801942399
1478,0.6642622976178736
1479,0.5322472310893275
1480,0.5503702897050475
1481,0.541635956418171
1482,0.5270794440175397
1483,0.5169609667611827
1484,0.5275592082791605
1485,0.6220411037453778
1486,0.6731309270059819
1487,0.5316680699367092
1488,0.5170422963167629
1489,0.5368623366810711
1490,0.5367438920850307
1491,0.5364612030410503
1492,0.5222532579583455
1493,0.5321344674130795
1494,0.517234459564102
1495,0.5172368007823444
1496,0.5275657475332473
1497,0.5316914196604682
1498,0.5277141070035651
1499,0.5172254808916595
1500,0.5170506376488441
1501,0.5316809954720839
1502,0.5318071900129624
1503,0.5318263872292431
1504,0.5172332884808325
1505,0.5269369363989643
1506,0.5274483400213287
1507,0.5321298514667728
1508,0.5269503042069436
1509,0.5320424724688311
1510,0.5274017140503097
1511,0.520059935478346
1512,0.5276309781400811
1513,0.5581433160508297
1514,0.6814461167493027
1515,0.5320546506321951
1516,0.5170102665587275
1517,0.5268907959417793
1518,0.7667931563420223
1519,0.5316840954778095
1520,0.536804524778309
1521,0.5273832359719707
1522,0.5264435481966128
1523,0.6642687071444753
1524,0.5368300388288931
1525,0.517231549514373
1526,0.6730426985776294
1527,0.6699687845855381
1528,0.5271216261505468
1529,0.5269558321258162
1530,0.5276032802645481
1531,0.5172452507087723
1532,0.5202563820732836
1533,0.5273399180950488
1534,0.5322553336730903
1535,0.5523975246522816
1536,0.5512749670389399
1537,0.5503379777902193
1538,0.5271368242236325
1539,0.5274615876725247
1540,0.5317049876175303
1541,0.527605550986378
1542,0.5515952083187504
1543,0.5269961364914719
1544,0.5169635244201022
1545,0.6934211580592445
1546,0.5265249463242385
1547,0.5513767086338668
1548,0.531830166797725
1549,0.5275413669289656
1550,0.7467747119057088
1551,0.5316638526259161
1552,0.6732028825439624
1553,0.5274010894898835
1554,0.5172435715823549
1555,0.5316344884254701
1556,0.5502797059728824
1557,0.67053429496159
1558,0.6504885561872954
1559,0.5217258105311485
1560,0.5269468025621198
1561,0.5273689486947104
1562,0.5272142548612971
1563,0.5279696898196302
1564,0.5432401437210715
1565,0.5503980550421355
1566,0.5433010947992322
1567,0.5321068140500758
1568,0.5322463960673274
1569,0.5217611554622537
1570,0.5503143414755564
1571,0.5169899042035037
1572,0.5503112805782623
1573,0.5170604721040745
1574,0.5187074782649747
1575,0.5503238735393563
1576,0.5505059341097615
1577,0.527444630158146
1578,0.5316806468324978
1579,0.6811505029719952
1580,0.5369423872262186
1581,0.5170580466560485
1582,0.5318149683912956
1583,0.5316821591596289
1584,0.5321169827742878
1585,0.532283171040902
1586,0.5274472682372876
1587,0.5325114739773809
1588,0.6642293229978258
1589,0.5270280098709251
1590,0.5316758039257908
1591,0.5415629325068904
1592,0.5274348398183578
1593,0.5316329441154958
1594,0.5261180432863667
1595,0.5502971340098185
1596,0.5317010048618359
1597,0.5169947498838143
1598,0.6565488203163621
1599,0.5369851581136308
1600,0.5696181444600809
1601,0.5318466522124792
1602,0.5449327437470357
1603,0.5274244375632714
1604,0.5241676155818813
1605,0.5170694972352555
1606,0.5418934282526422
1607,0.531640098670748
1608,0.5272260460610138
1609,0.5316571243501735
1610,0.5171935126769406
1611,0.5317984927237879
1612,0.5316815756109954
1613,0.5271303443039657
1614,0.5169942470327016
1615,0.5319876229066439
1616,0.5312879540022009
1617,0.5318381217230682
1618,0.5171997824883238
1619,0.517193634388252
1620,0.5171950876915862
1621,0.5271576043072905
1622,0.5367718992575714
1623,0.5237701637247049
1624,0.5320731563897656
1625,0.5503405686704704
1626,0.5316082399234207
1627,0.5515877451645215
1628,0.5324102995600408
1629,0.517072829554594
1630,0.545225167377002
1631,0.5367850286707112
1632,0.536792546407813
1633,0.5220316996834813
1634,0.5273784650843998
1635,0.757580460270735
1636,0.5278557927244854
1637,0.5278354156757966
1638,0.5170121249826802
1639,0.5274454546068614
1640,0.5170321522289735
1641,0.5172033898952882
1642,0.526946126166761
1643,0.677588834254553
1644,0.5321123191729323
1645,0.5503923198756677
1646,0.5270232577084492
1647,0.5315786656481053
1648,0.5410465035695979
1649,0.5375210358376331
1650,0.5506047201937262
1651,0.5275644214589823
1652,0.5172151276996944
1653,0.5277128422087018
1654,0.541746336147818
1655,0.5318303160383383
1656,0.5269825635045626
1657,0.5573617159725138
1658,0.5317059237613303
1659,0.5217587907947915
1660,0.6732257130587963
1661,0.5273965601483568
1662,0.5503259421696488
1663,0.5315926640841371
1664,0.5319091980600292
1665,0.6767691211388691
1666,0.5416127231862052
1667,0.5316893942707727
1668,0.5273713948288941
1669,0.5172388652246495
1670,0.546132515073688
1671,0.5274271321734305
1672,0.5320863517236519
1673,0.6730182222001232
1674,0.5316937324950973
1675,0.68349812308501
1676,0.5278443668644992
1677,0.5318786746092797
1678,0.518702628529608
1679,0.5170805867134636
1680,0.5275762467752524
1681,0.5368194246217082
1682,0.5367857077270614
1683,0.5275242732845988
1684,0.5367422660238463
1685,0.5170317458332369
1686,0.5172041067327584
1687,0.5316185476964188
1688,0.5171851509895355
1689,0.531660514964255
1690,0.5368120172160826
1691,0.5602630054612786
1692,0.5240171756901835
1693,0.6173463416146884
1694,0.5941191441944863
1695,0.6929857119188644
1696,0.5190474717795517
1697,0.6642246784900113
1698,0.5274363335883578
1699,0.5320984380175702
1700,0.5203250280530296
1701,0.6732207541315033
1702,0.5692578260867304
1703,0.5271166873126102
1704,0.5366502046166198
1705,0.5276044064133327
1706,0.5172325590344309
1707,0.517229400770501
1708,0.5170010290362157
1709,0.5277722797196037
1710,0.6272492796867938
1711,0.5324300782997762
1712,0.5315785462252425
1713,0.528042912971814
1714,0.5432656588581776
1715,0.5277226398103098
1716,0.527337840980262
1717,0.5318171735217789
1718,0.5321143365095524
1719,0.6775980982336838
1720,0.5316750200276436
1721,0.5279172933340675
1722,0.5414630953157651
1723,0.6328473088939963
1724,0.6670142853049121
1725,0.527598003722281
1726,0.5273668246854806
1727,0.5318545416340431
1728,0.6728190656418271
1729,0.5269416795761385
1730,0.5275821853986941
1731,0.53168620110292
1732,0.5172294294965256
1733,0.5315736686813346
1734,0.5503874413059073
1735,0.527213442491122
1736,0.5272923450676263
1737,0.5172417700812669
1738,0.5274184561586062
1739,0.5461613576995944
1740,0.5318103632872518
1741,0.5503016577177224
1742,0.5273879115554999
1743,0.5274491932526109
1744,0.5503955937780598
1745,0.5316045056210582
1746,0.6159757500934172
1747,0.5270293664311889
1748,0.53183717211623
1749,0.6862663770439097
1750,0.6734555766501374
1751,0.5170553480964275
1752,0.5410429609512903
1753,0.5316571941009044
1754,0.5276130711594396
1755,0.5279571993266431
1756,0.5171977673308855
1757,0.5243344111225345
1758,0.54261838802914
1759,0.5320890376768369
1760,0.6732494541135581
1761,0.5275632235330833
1762,0.5274404621741576
1763,0.6258778803805981
1764,0.5316353254433551
1765,0.5420138740620186
1766,0.5170178395573157
1767,0.5369284838100501
1768,0.6728351276971846
1769,0.6765766411693891
1770,0.5274154158671077
1771,0.5320669033393104
1772,0.5172290717664394
1773,0.5207049247889263
1774,0.5170307648567266
1775,0.6728101670767678
1776,0.5274201295012514
1777,0.5445744993987037
1778,0.6772352038601618
1779,0.5170792432368577
1780,0.5170294184545139
1781,0.53202590530432
1782,0.5171926956082821
1783,0.5170416554538102
1784,0.5322975598270427
1785,0.517003167602899
1786,0.5172189957808176
1787,0.5172131414553215
1788,0.5186641054640426
1789,0.5275929377255153
1790,0.5171994910919085
1791,0.6932600084369542
1792,0.5171670709645536
1793,0.5202724683365411
1794,0.5273894377717896
1795,0.5171947515684678
1796,0.5170770518378653
1797,0.5246280542525695
1798,0.517034976041209
1799,0.5503797838062384
1800,0.5170352651540859
1801,0.545674253120987
1802,0.5446369501314684
1803,0.7166136328283921
1804,0.5322699296825749
1805,0.5316581177367435
1806,0.5366598754214028
1807,0.5278543107769202
1808,0.6728850712312805
1809,0.5321386273489273
1810,0.5171402252054577
1811,0.5316760128848597
1812,0.5170693693206388
1813,0.52743139166785
1814,0.527626886252162
1815,0.5170771693765666
1816,0.5368183502042709
1817,0.5316214855708236
1818,0.5505364213518511
1819,0.5196759227904207
1820,0.5316078880979683
1821,0.5269817434469468
1822,0.5318309789265484
1823,0.5274142753386288
1824,0.5170542331129714
1825,0.5368146411077663
1826,0.5271123867456882
1827,0.5367561622403437
1828,0.6732580834336037
1829,0.5269734759259618
1830,0.5320241089531347
1831,0.6771261379629553
1832,0.5549450602503305
1833,0.5366946705798396
1834,0.5503750621858059
1835,0.7084820705403104
1836,0.6786397293433322
1837,0.5365233621567866
1838,0.5312920302369994
1839,0.5318465515051893
1840,0.5274167428777294
1841,0.5512418030208349
1842,0.6734816553545664
1843,0.5406085049875428
1844,0.5275819231633962
1845,0.5309395826383922
1846,0.5274477028290934
1847,0.5258407064539496
1848,0.544723047390401
1849,0.5320980807200385
1850,0.6772360464479612
1851,0.5321933391577729
1852,0.5321159497195236
1853,0.5275658630761222
1854,0.5318083107065609
1855,0.5170433173397811
1856,0.5364688618299521
1857,0.5320666328333676
1858,0.51700341951273
1859,0.5274394257307068
1860,0.5318151867570514
1861,0.5315149823913768
1862,0.5273707252406429
1863,0.5172150104951835
1864,0.5299758507923529
1865,0.5316603719086342
1866,0.5172201385076965
1867,0.5205950932162074
1868,0.5316323813676678
1869,0.5318451919975252
1870,0.5274376360163384
1871,0.5320574919787483
1872,0.5508237693054924
1873,0.5274206298645658
1874,0.53229935031002
1875,0.6642516827175461
1876,0.5172285619216217
1877,0.5274311083863221
1878,0.5269904276380563
1879,0.536844175890318
1880,0.5276006358638446
1881,0.5275188338007799
1882,0.5316308808155052
1883,0.5412689253993913
1884,0.5266854880935244
1885,0.5274438722521527
1886,0.5170100594963243
1887,0.5170139327858729
1888,0.5170169958910867
1889,0.5316092785179344
1890,0.6732528742385107
1891,0.5313158676870229
1892,0.5325454168447913
1893,0.5238190519148486
1894,0.5172087654753552
1895,0.5273948660814959
1896,0.531678803679069
1897,0.5316537682829174
1898,0.6261218907542018
1899,0.525987069050424
1900,0.5409813238436226
1901,0.5505538819403071
1902,0.5274120566327086
1903,0.6843395144373551
1904,0.5170747850927635
1905,0.5172161382895016
1906,0.5319127821062791
1907,0.5511098401848935
1908,0.532256827459815
1909,0.6640220049621941
1910,0.5223149008347755
1911,0.5170500307300154
1912,0.5274821584036594
1913,0.5387950445583731
1914,0.532098144172874
1915,0.5172082995681586
1916,0.517080971277051
1917,0.5316945744288175
1918,0.5172130510622749
1919,0.5318214405841749
1920,0.5250959339410203
1921,0.5206195059201798
1922,0.5458430291491482
1923,0.6390657945539778
1924,0.6681760808615652
1925,0.5269676224928921
1926,0.5317798979618801
1927,0.5273808168150256
1928,0.5320975316570965
1929,0.6734281687914231
1930,0.5170540641232572
1931,0.6732257377859348
1932,0.522270732793353
1933,0.6636470224648424
1934,0.5318352999697133
1935,0.5170770738089215
1936,0.5170179049902467
1937,0.5275627768951039
1938,0.5273787895235863
1939,0.5278196212625144
1940,0.5318215656941412
1941,0.617751705570911
1942,0.6254289536170042
1943,0.5321207315110187
1944,0.5172206223274328
1945,0.6730802645904006
1946,0.5251206858996568
1947,0.5577714485052827
1948,0.5367848358215421
1949,0.5269274355846463
1950,0.5197027023428524
1951,0.5320927723860446
1952,0.5170426725015075
1953,0.5322700161348314
1954,0.5318313727457189
1955,0.5273764606666779
1956,0.5172342500194145
1957,0.5277428464795058
1958,0.6528736486192843
1959,0.6770437621648924
1960,0.6769743701406494
1961,0.5172371826042594
1962,0.536815490927802
1963,0.6476658932076309
1964,0.5170696290510585
1965,0.531829149794563
1966,0.5172332483893659
1967,0.5321229489436516
1968,0.5332747386050474
1969,0.6642267983777832
1970,0.5170210483173604
1971,0.517027815929898
1972,0.5512888037824824
1973,0.5172340310485599
1974,0.527384689364146
1975,0.5322438447330406
1976,0.5279126924937995
1977,0.5172426318627782
1978,0.677148145967445
1979,0.5316058312730989
1980,0.6732335740196624
1981,0.6639485716683802
1982,0.6359955544925604
1983,0.5223304461845878
1984,0.5172355335563066
1985,0.5367849650026671
1986,0.527335878330787
1987,0.5269937530940504
1988,0.5367865987913322
1989,0.5321328946015943
1990,0.5172425328682919
1991,0.5273184728174277
1992,0.5315149625983911
1993,0.531676224832298
1994,0.5503323808010813
1995,0.5316196569385827
1996,0.5171814643680569
1997,0.5318291025037025
1998,0.5170875913424077
1999,0.5171931215468811
2000,0.615276745824703
2001,0.5170252666977249
2002,0.5432749437271538
2003,0.6726677188413401
2004,0.517234236482498
2005,0.5274544706592736
2006,0.5433158811363422
2007,0.5218769975110163
2008,0.5171942762337475
2009,0.6656696160092752
2010,0.6771602725241542
2011,0.526991498005753
2012,0.53129570895258
2013,0.5172189646489679
2014,0.517236849858922
2015,0.5275674398873007
2016,0.649018980400917
2017,0.5172312935103065
2018,0.5370258863357368
2019,0.5273998187883667
2020,0.5280308950791521
2021,0.5318348926814173
2022,0.5506380853526521
2023,0.5170732459627058
2024,0.6933638085768213
2025,0.5316155978355995
2026,0.5320130059840931
2027,0.5320710434472271
2028,0.5272040684823768
2029,0.5414484563391186
2030,0.5318260254289466
2031,0.5316012782436621
2032,0.5517554956676866
2033,0.532276452659049
2034,0.5511064822111261
2035,0.538261152448145
2036,0.5273897919099985
2037,0.5271192425232962
2038,0.5273889535059298
2039,0.5364230619935008
2040,0.5274446884468855
2041,0.5172186325705915
2042,0.6426752837835579
2043,0.5322515783250421
2044,0.518734745294693
2045,0.6768702399447153
2046,0.5170734548496675
2047,0.5211611551960189
2048,0.6770485319054406
2049,0.5271752036340789
2050,0.5271644011836784
2051,0.5367226248889894
2052,0.5171889666757818
2053,0.5273818339098977
2054,0.532262275372927
2055,0.5689767058260946
2056,0.517033590579937
2057,0.5322713602190564
2058,0.5274191404378745
2059,0.5315934951358772
2060,0.6772500699832922
2061,0.5321157362916673
2062,0.5316569318533249
2063,0.5317882104167851
2064,0.6776146399112264
2065,0.5170574038916391
2066,0.6734062583719334
2067,0.517045098634287
2068,0.5169585675470915
2069,0.6940685196659642
2070,0.5172271189588054
2071,0.5328056157744826
2072,0.6642498846016486
2073,0.5368141050339758
2074,0.5320776454888922
2075,0.5322771100565182
2076,0.5170526587449603
2077,0.5276905809537643
2078,0.5503824539756923
2079,0.5460809768458992
2080,0.5274266069133356
2081,0.5254684098807334
2082,0.5275272055326964
2083,0.5171998108706746
2084,0.517037863148214
2085,0.6642723157450056
2086,0.5559909242567225
2087,0.5171953797633039
2088,0.5273025690662171
2089,0.5172084494777254
2090,0.5321529589684872
2091,0.517228428733218
2092,0.5172183157684409
2093,0.5305904830308298
2094,0.5172262498879633
2095,0.5241315965848623
2096,0.6202784702838375
2097,0.5458230917560825
2098,0.5580152284220048
2099,0.5276602225717515
2100,0.5316706208785994
2101,0.5456627570310495
2102,0.5211771333728601
2103,0.6769327578347178
2104,0.5275747028345206
2105,0.7716415659826888
2106,0.5280258882187092
2107,0.550361432427193
2108,0.5363478993858295
2109,0.5512534521941502
2110,0.6167283157313963
2111,0.6642597459327483
2112,0.5275006868260608
2113,0.6506834474056307
2114,0.5171545152804295
2115,0.5695087071605155
2116,0.5675359439630449
2117,0.5275785790365004
2118,0.5448771365643038
2119,0.5275763320507588
2120,0.5275964554195186
2121,0.517203211505267
2122,0.5318451936041243
2123,0.5254345277020944
2124,0.5170246182318634
2125,0.5170060920604588
2126,0.6815975599222518
2127,0.5371602485380672
2128,0.6437699938927958
2129,0.5317960728609026
2130,0.5277823661262451
2131,0.5172071299002843
2132,0.5172247081639822
2133,0.5738557752946037
2134,0.521956917809389
2135,0.5275929059222322
2136,0.52775845724807
2137,0.5170021143615722
2138,0.5374899575626046
2139,0.5327678725381567
2140,0.5322856940060393
2141,0.5322186684966044
2142,0.6729816860334461
2143,0.5503197060812641
2144,0.5274001066057178
2145,0.5318295811334309
2146,0.5321124933020926
2147,0.5321441829960281
2148,0.5515916110043529
2149,0.5322566366613424
2150,0.5170385810475039
2151,0.5316600505538176
2152,0.5172395099542746
2153,0.681042005419041
2154,0.5316770953550938
2155,0.5692158060957662
2156,0.5201752250449534
2157,0.6640390108709348
2158,0.5316708515896282
2159,0.5267255790750499
2160,0.5172432955247477
2161,0.5170497159327687
2162,0.5170533357102132
2163,0.5363691895118212
2164,0.5170017427845031
2165,0.5322915882908386
2166,0.516995465475614
2167,0.5172136525346794
2168,0.5170549248943419
2169,0.5170876676144727
2170,0.6730639135994778
2171,0.5316685573351575
2172,0.5435526946149093
2173,0.5503397970836572
2174,0.6929641660245828
2175,0.5561610395433024
2176,0.5367674379169164
2177,0.6735591428979155
2178,0.5269426041058182
2179,0.7779320047945589
2180,0.5316641945630627
2181,0.5503975902332378
2182,0.7656884592687939
2183,0.5321255986505122
2184,0.5458646040084892
2185,0.527940798881352
2186,0.5170861097502105
2187,0.5514357977035375
2188,0.5275063402024638
2189,0.5369339171668663
2190,0.5273734717491984
2191,0.5409935127163507
2192,0.5170271639006563
2193,0.5367056088371557
2194,0.5503931738031574
2195,0.5431155380776068
2196,0.5171712088740128
2197,0.532060456904962
2198,0.5172240602489554
2199,0.6548551335481289
2200,0.5171846632555779
2201,0.5505117187401458
2202,0.5400077275383962
2203,0.5172136616173513
2204,0.5274465822424559
2205,0.6275510196046219
2206,0.5275944567464654
2207,0.5321065133902527
2208,0.6637199849711254
2209,0.6730594610753632
2210,0.5170200002893859
2211,0.531650594761863
2212,0.6851763489381943
2213,0.5301089521106754
2214,0.5315968564563621
2215,0.5284984814785664
2216,0.5172051103212973
2217,0.5269477078504918
2218,0.6816850136647339
2219,0.5170573527668237
2220,0.6928434036765174
2221,0.5172423177813615
2222,0.5170788013368963
2223,0.5274502509702702
2224,0.5170852001747538
2225,0.5275439134735622
2226,0.70657172520448
2227,0.5275525021430285
2228,0.517014589883012
2229,0.5172256538397089
2230,0.5318387446745303
2231,0.5503741905022763
2232,0.6734370843901588
2233,0.5566122897123571
2234,0.5518235510470729
2235,0.6772284456316013
2236,0.5316869547188594
2237,0.5169953176470804
2238,0.5275849416300818
2239,0.5275960087212582
2240,0.5316379119855585
2241,0.531841656268767
2242,0.5275307349721479
2243,0.6662088987399097
2244,0.5172393637400353
2245,0.517018584114929
2246,0.5316568704244664
2247,0.5316664129441494
2248,0.5170729393946158
2249,0.5505386046399475
2250,0.5273811486007222
2251,0.5170712567042459
2252,0.5272307984136538
2253,0.6422071208663427
2254,0.5276164426381917
2255,0.5273777727438742
2256,0.5316823101343534
2257,0.5172344008593472
2258,0.5436373109773011
2259,0.5323887891844421
2260,0.5635915136721541
2261,0.527331112159416
2262,0.5503497056897635
2263,0.5516182662770179
2264,0.5316496737435501
2265,0.5248742603801655
2266,0.5275229438408782
2267,0.517059824693005
2268,0.5318879273891459
2269,0.5278476869619398
2270,0.6684875965871041
2271,0.527389982566475
2272,0.527395904095578
2273,0.5172313063223257
2274,0.5243489423089713
2275,0.5275392651545739
2276,0.6853262783203308
2277,0.5992209538377821
2278,0.5318386763678816
2279,0.5279563949908721
2280,0.5517848499164785
2281,0.5318317019087015
2282,0.67808778020754
2283,0.5274682607790142
2284,0.517200838236496
2285,0.5312447784281858
2286,0.527585403250205
2287,0.5172412208430706
2288,0.5320644198174305
2289,0.5275748200494302
2290,0.6935593604957692
2291,0.5326605086491734
2292,0.5321331801136479
2293,0.5172032122425769
2294,0.5270043355163834
2295,0.6043149715129097
2296,0.5318472631152593
2297,0.5172179127871827
2298,0.5318170842816458
2299,0.527457031678616
2300,0.5366960360785595
2301,0.556438271112769
2302,0.5321295391703552
2303,0.5175243425015821
2304,0.6642347064225926
2305,0.531669432874191
2306,0.6642359589330025
2307,0.6508128241287591
2308,0.5364225227556887
2309,0.52732804353204
2310,0.5172160162541439
2311,0.5172066599768516
2312,0.5280979474721743
2313,0.5321305832652904
2314,0.5271994309472178
2315,0.5269078841151448
2316,0.5170042769392583
2317,0.5316397871384578
2318,0.5270181449698254
2319,0.5316099713664395
2320,0.7552929582016705
2321,0.5274332982419089
2322,0.5170340588164802
2323,0.5240830352926934
2324,0.5171954604441501
2325,0.5363542452097418
2326,0.644879212458762
2327,0.5503276462268379
2328,0.5418062197170617
2329,0.5320966008900134
2330,0.5170553861837026
2331,0.5275381790654078
2332,0.5420260128406962
2333,0.5170079453312769
2334,0.5275919915719197
2335,0.5316563979785406
2336,0.5321165950591193
2337,0.6929802066549391
2338,0.5170767283059482
2339,0.5172184246427974
2340,0.5172265477335343
2341,0.5170224574621372
2342,0.5316680964269553
2343,0.5274744113342537
2344,0.5316548332317791
2345,0.5276014967501386
2346,0.5270115998577533
2347,0.5269778884219684
2348,0.6277561467980372
2349,0.5446019867187402
2350,0.6813705443223086
2351,0.5269701200572638
2352,0.5376997489230215
2353,0.5316140099160355
2354,0.5273729062962973
2355,0.5316578290444641
2356,0.5368223306018954
2357,0.5270419458430781
2358,0.6768431867845061
2359,0.53227620773895
2360,0.5316581040043787
2361,0.5274189193121906
2362,0.5170012059482003
2363,0.5513244799837369
2364,0.5313755086836974
2365,0.5322898870655024
2366,0.5172175666913292
2367,0.5172162033410065
2368,0.5273593826406857
2369,0.5171831300746439
2370,0.517005629510233
2371,0.5172041974224254
2372,0.5318260492281962
2373,0.5172386419298124
2374,0.5171942210958709
2375,0.5273897966688313
2376,0.5367728717106411
2377,0.6934219480125824
2378,0.5271489902972215
2379,0.5324829031199487
2380,0.5170287424664155
2381,0.5275802139805145
2382,0.527617233964059
2383,0.5275347192043901
2384,0.5315665848645073
2385,0.5172272285190512
2386,0.5171847130041467
2387,0.5273750944214604
2388,0.6165598221251609
2389,0.5276146168275087
2390,0.5504877426144308
2391,0.540531545640894
2392,0.6960222799150756
2393,0.5404057608725217
2394,0.6639296543111533
2395,0.5278501126195018
2396,0.5273628594801114
2397,0.5320642618812237
2398,0.5321447293882462
2399,0.5316971306260995
2400,0.5322222565341812
2401,0.557755314136644
2402,0.5272012332460507
2403,0.7680196771385112
2404,0.5271098153385373
2405,0.5320793052281506
2406,0.5269028859049716
2407,0.5208052887996724
2408,0.5275993932705357
2409,0.5674749091722707
2410,0.5273843382079657
2411,0.6848453387103058
2412,0.517024794510651
2413,0.532083470933589
2414,0.5276610223903938
2415,0.6737056474825187
2416,0.5320699488482457
2417,0.6732561496257867
2418,0.5315753650430415
2419,0.5318390501606903
2420,0.5322415156108511
2421,0.5270219980492673
2422,0.5170458334783155
2423,0.5368139311370079
2424,0.5172196126469775
2425,0.5316622327384275
2426,0.5505408270603074
2427,0.5321118191468487
2428,0.5695605450620232
2429,0.5322308137148349
2430,0.5365055995754565
2431,0.5276017166855205
2432,0.5318396838084999
2433,0.5318206614661309
2434,0.5320296312398464
2435,0.5320623571366577
2436,0.5170140133325797
2437,0.6211287362690245
2438,0.5451981193956406
2439,0.5170536348061823
2440,0.5368488369633369
2441,0.5322377321324254
2442,0.664248611631556
2443,0.5702500514473812
2444,0.527599231852489
2445,0.5170638061780346
2446,0.5503199469321228
2447,0.5273079820724255
2448,0.5321738246570648
2449,0.5937977055026321
2450,0.53239135481754
2451,0.5281029022740593
2452,0.6201352816408833
2453,0.5169871353993588
2454,0.6166975713464906
2455,0.5170226606738202
2456,0.5261915305061704
2457,0.527421541178791
2458,0.5316441198889732
2459,0.5171948806348831
2460,0.5170534918936742
2461,0.5269652940425281
2462,0.5292121885289264
2463,0.5509722818081425
2464,0.5274433973729814
2465,0.5322600309754743
2466,0.527097970174379
2467,0.5367922383262644
2468,0.6705647901303364
2469,0.5321214099001993
2470,0.5170500456466921
2471,0.6193158777308801
2472,0.6276681801601681
2473,0.5171979710820683
2474,0.5322445805773478
2475,0.5170090932916123
2476,0.5171407997038842
2477,0.6734763844338514
2478,0.6766654835914845
2479,0.6308190063646856
2480,0.5275929299551235
2481,0.5211695133771842
2482,0.5172326327273322
2483,0.6733144547274734
2484,0.6185912500073006
2485,0.5695876896422692
2486,0.6766923048925513
2487,0.6773702150637102
2488,0.5172380796328307
2489,0.5169540874110501
2490,0.5170552797871534
2491,0.5170555093296658
2492,0.5269870075468186
2493,0.5318069350760669
2494,0.5317016297604795
2495,0.5274335440328519
2496,0.5316631203695146
2497,0.5274319436256655
2498,0.6723594855912005
2499,0.6771256184384635
2500,0.6532073228124051
2501,0.5172362085321152
2502,0.51724084709908
2503,0.6730901017855376
2504,0.53164341939414
2505,0.5318941650895574
2506,0.5364288831597692
2507,0.5236931558889203
2508,0.5281759247732727
2509,0.5274216571990576
2510,0.5420364329266112
2511,0.6774023957155159
2512,0.5320870587191082
2513,0.5173417418615833
2514,0.5274286200062036
2515,0.5275459512284612
2516,0.6469681604947934
2517,0.5208677473236575
2518,0.5275042387118676
2519,0.5314317968486002
2520,0.5274258543583034
2521,0.5322713394305967
2522,0.5317628706400573
2523,0.5368173225844646
2524,0.5316842868867495
2525,0.5318022031683554
2526,0.5448532494963118
2527,0.5271698840100447
2528,0.517070905951256
2529,0.532060169400228
2530,0.5271214027977252
2531,0.6771357438833191
2532,0.5278438977478606
2533,0.5510682797340718
2534,0.5316638477083431
2535,0.531613416439611
2536,0.5320267476862224
2537,0.5503469095068945
2538,0.527743798801517
2539,0.5275921386581529
2540,0.6194919417231383
2541,0.5171967824530929
2542,0.5171958140586088
2543,0.5170215612870263
2544,0.5172130846075731
2545,0.5270505709248553
2546,0.6639047291657241
2547,0.531838962452187
2548,0.5381172687982461
2549,0.676843133552726
2550,0.532105386825461
2551,0.531618468321694
2552,0.5325972421586003
2553,0.5172183492432789
2554,0.5351857626641173
2555,0.5369738527324746
2556,0.5412411736514596
2557,0.5316461732878447
2558,0.53185184554143
2559,0.6769276639041218
2560,0.5320295850363955
2561,0.5279809530401063
2562,0.5273888948888513
2563,0.6772546024428566
2564,0.5196956166587675
2565,0.6640581684703774
2566,0.5365754376136146
2567,0.5274089604697766
2568,0.6729406865722997
2569,0.5170153531671992
2570,0.5170697723474772
2571,0.5459794207215652
2572,0.5316544336717927
2573,0.5320540865652361
2574,0.5170541808828835
2575,0.5170616036580339
2576,0.5273881657344196
2577,0.5269686700103275
2578,0.5369666099941611
2579,0.5170331173685726
2580,0.5170536974989092
2581,0.5270269267003765
2582,0.5191123817098319
2583,0.5316190011625544
2584,0.5316520803013357
2585,0.5461863320495817
2586,0.526929932038906
2587,0.5170028334114516
2588,0.5321042573225707
2589,0.5171933616180978
2590,0.5367995251593388
2591,0.5321041729753029
2592,0.527481027218509
2593,0.5250885249661603
2594,0.5170118068604267
2595,0.5275886417437747
2596,0.5277298056136116
2597,0.6294995083640228
2598,0.5278087573077684
2599,0.5274399356831693
2600,0.5240111090993197
2601,0.5271347144633171
2602,0.683027810984092
2603,0.5316699042604233
2604,0.5369278920749748
2605,0.5365917549593637
2606,0.5172117698598921
2607,0.6732678612716211
2608,0.5170562142736163
2609,0.5172003418004051
2610,0.5269809447267434
2611,0.5434779550986847
2612,0.5273786948496513
2613,0.5222691687984389
2614,0.6769644525790754
2615,0.5169693375870207
2616,0.541852519728997
2617,0.6767109045455145
2618,0.5503803142959679
2619,0.540353087578296
2620,0.5267964605059425
2621,0.5316175621580546
2622,0.693281243791364
2623,0.5367766916476583
2624,0.5316094886799919
2625,0.5172439204702317
2626,0.5271295911796076
2627,0.5336463411662461
2628,0.5172223331402407
2629,0.517243424078216
2630,0.5317351533976202
2631,0.5458214304335676
2632,0.6392064161359844
2633,0.5172212096231896
2634,0.5172263186958626
2635,0.7006315487200723
2636,0.5316197699398075
2637,0.5503966313103361
2638,0.5320709054396306
2639,0.5321237324726892
2640,0.5516658552399835
2641,0.5503472558248521
2642,0.6770670900904544
2643,0.5170247006726848
2644,0.5368032716889511
2645,0.517233382906042
2646,0.5322589273417853
2647,0.5367527124545654
2648,0.5316689722460698
2649,0.5322699294183456
2650,0.5269479357935789
2651,0.6150783382518188
2652,0.5312292649265665
2653,0.5505166737197253
2654,0.5170341285677016
2655,0.5208914333195676
2656,0.5269819194870471
2657,0.6383832443454521
2658,0.5320756197150348
2659,0.5172268244996042
2660,0.6186925626050422
2661,0.5318155487422646
2662,0.6322292186383845
2663,0.6576609588764775
2664,0.5316634189594083
2665,0.5316207056379567
2666,0.6775503691954778
2667,0.5316084293754775
2668,0.5172021168002237
2669,0.5170783488479748
2670,0.664043450984478
2671,0.5269791257420099
2672,0.5275637552085559
2673,0.5273768955193123
2674,0.5323002071460924
2675,0.5269005997399613
2676,0.6775643690244595
2677,0.5214747495900041
2678,0.5273167860457175
2679,0.5321284610037633
2680,0.527396052431239
2681,0.6771937564913486
2682,0.6729204119217166
2683,0.5170628426280331
2684,0.5612475127670175
2685,0.5275215083155886
2686,0.5304468033735847
2687,0.5318363250499633
2688,0.517193396276384
2689,0.5368138177999529
2690,0.5172099357554932
2691,0.5365243854429292
2692,0.5355905091628618
2693,0.5275925760624904
2694,0.5315991301953078
2695,0.5316734749595095
2696,0.5171703504600955
2697,0.5274030596595968
2698,0.5322327718683811
2699,0.5316382437104744
2700,0.5456737038459997
2701,0.5461100012436441
2702,0.5316433768915214
2703,0.5170461777886014
2704,0.6769755548212718
2705,0.5460025678222376
2706,0.5316409964312829
2707,0.5441704074710176
2708,0.527309684789877
2709,0.5458793281244304
2710,0.5316583559547214
2711,0.5222530172244824
2712,0.5272770196792878
2713,0.5269962404671946
2714,0.5367827412780589
2715,0.5244863335386492
2716,0.6772038220421355
2717,0.6766280383657395
2718,0.5197101461888316
2719,0.5171921270902377
2720,0.5316369811837919
2721,0.55037420664855
2722,0.527175824428371
2723,0.5369632774937909
2724,0.5172121591202229
2725,0.6772006609082515
2726,0.6376515104695331
2727,0.5170713784611018
2728,0.6816526869732692
2729,0.5318084653295265
2730,0.5368088092208019
2731,0.6568875227613791
2732,0.5172032341458739
2733,0.6571960431101652
2734,0.6769895666017381
2735,0.5170170435183391
2736,0.5170584142298117
2737,0.5369740552703973
2738,0.5510495701790867
2739,0.5458753104044995
2740,0.7107290081951291
2741,0.5321188059270014
2742,0.5321373369938439
2743,0.6420814646499821
2744,0.5450988916247188
2745,0.531655664151639
2746,0.5271523816346559
2747,0.5444969804522918
2748,0.527536543426435
2749,0.5318129552025312
2750,0.5364623668650901
2751,0.5454524928534378
2752,0.5172116981801067
2753,0.5273534367242243
2754,0.5213888086653486
2755,0.519833789170227
2756,0.5170740047993685
2757,0.5320547028821223
2758,0.5318551943861607
2759,0.5321087296163562
2760,0.6851822532724374
2761,0.5274445196987051
2762,0.5277339666303241
2763,0.6769845798078427
2764,0.6817409996025993
2765,0.5317861842534299
2766,0.5368814452202667
2767,0.5172275763507097
2768,0.676913782327662
2769,0.5278825319308488
2770,0.5322680154982542
2771,0.5278035849768018
2772,0.5170422820975766
2773,0.5272153372191043
2774,0.6712042113945681
2775,0.5503976122527606
2776,0.5170861402064207
2777,0.5275954732500997
2778,0.5170276141480862
2779,0.5172144280307867
2780,0.5373197724027687
2781,0.5349004015637904
2782,0.5275313763475235
2783,0.5316516933480504
2784,0.527385471777516
2785,0.544352864934639
2786,0.5267129914904831
2787,0.51723638407122
2788,0.5170216906221673
2789,0.685147978870699
2790,0.5316800109743671
2791,0.5172156317464822
2792,0.5172253657738749
2793,0.5273794055946305
2794,0.5649221536243306
2795,0.5170209972401723
2796,0.5274170241526017
2797,0.5320557868210639
2798,0.5273860111275983
2799,0.5274329241986422
2800,0.6775577352761503
2801,0.5316927229692915
2802,0.5318396712876654
2803,0.550431692340539
2804,0.5318123716994895
2805,0.517049215132413
2806,0.5369652094690772
2807,0.5367476506257497
2808,0.531838609841272
2809,0.5277061459706908
2810,0.5321246931893739
2811,0.5457360810400598
2812,0.5317240969295333
2813,0.5511945021885665
2814,0.5217591369605118
2815,0.6981366912325607
2816,0.5335959083046062
2817,0.5320616721341271
2818,0.6372376656422308
2819,0.5410452563334127
2820,0.5316692475186809
2821,0.5321210869054742
2822,0.5316637012572186
2823,0.5316088791115438
2824,0.5636786879905816
2825,0.5222365216082905
2826,0.5274665484505651
2827,0.6491813293767568
2828,0.5319160192530917
2829,0.532053190263927
2830,0.5417354958185954
2831,0.5272654924970382
2832,0.5170418018630127
2833,0.5276969562651637
2834,0.5271412931077406
2835,0.5172140948781639
2836,0.5504012053871329
2837,0.5275944944764626
2838,0.6636883329713407
2839,0.5619976982892786
2840,0.5318360088481596
2841,0.5368186522559736
2842,0.5275831980187647
2843,0.517199980531447
2844,0.6815514002892875
2845,0.542674013490436
2846,0.5273796444887479
2847,0.5275935604533217
2848,0.5692629752906759
2849,0.5632101943411457
2850,0.5513553965085761
2851,0.5274255119132714
2852,0.5250231128767232
2853,0.5316875690765429
2854,0.5316309051376402
2855,0.531595473594991
2856,0.5236307346754118
2857,0.5316395448699768
2858,0.5505163025483549
2859,0.5170292298334622
2860,0.5503961914037641
2861,0.5269209473735654
2862,0.5170191473918
2863,0.5171949299083868
2864,0.5280228153810677
2865,0.6444846257513582
2866,0.5276689218965226
2867,0.7088138241010243
2868,0.517215303762824
2869,0.5274974732854665
2870,0.6302643492183873
2871,0.5172263660420067
2872,0.5172376835096754
2873,0.5250043786630366
2874,0.5421464659661622
2875,0.52779276819019
2876,0.5172317184810251
2877,0.5316917030131001
2878,0.5558373861701364
2879,0.527404898545881
2880,0.5316452370465831
2881,0.5322665892089757
2882,0.5380813493565836
2883,0.527356624143779
2884,0.5269769149922422
2885,0.531655899542859
2886,0.5274574300183981
2887,0.527402727561869
2888,0.5229518119554936
2889,0.6430162268884719
2890,0.527561137423707
2891,0.5171689678734399
2892,0.5322849191713752
2893,0.5363532715947896
2894,0.5169955586786062
2895,0.6386610136048997
2896,0.6641284109161496
2897,0.5461444253413243
2898,0.5170045169950144
2899,0.5274125767520117
2900,0.5171860973060766
2901,0.6934374785975687
2902,0.5170679127780359
2903,0.541703949022198
2904,0.5276695703555322
2905,0.527046129689274
2906,0.6557480823324698
2907,0.5318078049665579
2908,0.5638480099464281
2909,0.5171932538478257
2910,0.52737677189854
2911,0.5274494657464112
2912,0.5316542042835828
2913,0.6385618921148246
2914,0.5171866907002436
2915,0.5174935111147846
2916,0.5321228015323083
2917,0.6638047420654785
2918,0.5321342674587595
2919,0.5323014036186314
2920,0.5170290449572686
2921,0.5318417850005972
2922,0.5269347340061956
2923,0.5172261582337195
2924,0.5377161474849639
2925,0.6694172007202527
2926,0.5270332241620486
2927,0.5171902923888723
2928,0.5275697116164328
2929,0.6641828830588775
2930,0.5318140331641754
2931,0.5279620995252152
2932,0.5316236521809817
2933,0.6640490514273827
2934,0.5170044636930611
2935,0.6707528175466132
2936,0.5270333936954688
2937,0.5321076598638259
2938,0.5170436351396894
2939,0.5170048686981502
2940,0.5274193893098292
2941,0.6250483260332818
2942,0.5172377365740654
2943,0.5171937912666749
2944,0.5273534147801228
2945,0.5170320651441858
2946,0.5423191722219449
2947,0.5171930902596384
2948,0.5273843899589806
2949,0.5316695802908664
2950,0.526892733212419
2951,0.5503375047023451
2952,0.5321094289474222
2953,0.532105087196298
2954,0.5275704089037717
2955,0.6811601818131057
2956,0.6158150759362782
2957,0.7710983881924193
2958,0.5170725223646873
2959,0.5170162100961814
2960,0.5170114986028512
2961,0.5321954544904197
2962,0.531749673440596
2963,0.5322773038777744
2964,0.5317989076713292
2965,0.531642517220903
2966,0.5275673367919236
2967,0.5321683419659221
2968,0.5271573596963504
2969,0.5316297571811628
2970,0.5316867119011032
2971,0.5316725216827944
2972,0.5258745321798475
2973,0.5570144141009798
2974,0.5276536311099966
2975,0.5319284559260885
2976,0.5316870821228667
2977,0.5316451642925548
2978,0.5275872847172355
2979,0.5316545451871766
2980,0.5172216870201052
2981,0.5270423817947802
2982,0.5322875924547682
2983,0.5171979719487345
2984,0.5171901302068772
2985,0.5320599972130478
2986,0.5274123112691779
2987,0.5382063745235783
2988,0.6218299027566586
2989,0.5630010619402879
2990,0.5326935208867156
2991,0.541718774737245
2992,0.5443258853956318
2993,0.5313752468096427
2994,0.5363168728126928
2995,0.5273609942144923
2996,0.5170412658378783
2997,0.5255113763554217
2998,0.5275952531904511
2999,0.5268814454332743
3000,0.5170149166926828
3001,0.6388590662967376
3002,0.5170666546966977
3003,0.5322594523166737
3004,0.5690464805270284
3005,0.6572507702334048
3006,0.6766436337584488
3007,0.5318328129205698
3008,0.5367670022709106
3009,0.5322774667783269
3010,0.5169733352514785
3011,0.5322833416293988
3012,0.5252563140432233
3013,0.5322680330178854
3014,0.524394627931441
3015,0.5172417825949228
3016,0.5170544980695263
3017,0.6769875904968541
3018,0.5171933315992367
3019,0.5430442001648251
3020,0.5451981465828973
3021,0.5316102882091238
3022,0.5571509462101097
3023,0.5172307766225757
3024,0.5275677419688667
3025,0.5275504966274881
3026,0.5460599437135689
3027,0.5316158075106192
3028,0.5273933495715507
3029,0.5169943450691931
3030,0.5318361523277824
3031,0.5269317295163753
3032,0.5170050800508182
3033,0.5174616635159627
3034,0.5368013637492124
3035,0.532040650806505
3036,0.5459321702906138
3037,0.5276015309685744
3038,0.6769721610172377
3039,0.5271095636187596
3040,0.5411820934968724
3041,0.5318755950676495
3042,0.5273982495418601
3043,0.5505459684116957
3044,0.5454260084823421
3045,0.527395356479688
3046,0.5365616543411443
3047,0.5316226028501444
3048,0.5316281571929451
3049,0.5316517889862173
3050,0.5276074838955486
3051,0.5274474914979873
3052,0.6388761756125869
3053,0.5320753306222605
3054,0.532052569642953
3055,0.517074086051452
3056,0.5172180527970913
3057,0.5172158465051441
3058,0.5172425726808858
3059,0.5316289977313965
3060,0.5171874714265691
3061,0.5170712620037964
3062,0.5278509597104117
3063,0.5503070027227853
3064,0.6280069774795876
3065,0.5172339163827098
3066,0.5273802692406284
3067,0.5367415833504642
3068,0.527589861499034
3069,0.5273826431946878
3070,0.5222637986418179
3071,0.5386253341145633
3072,0.5317014242575638
3073,0.517058343496879
3074,0.5276092554356899
3075,0.5273178722615335
3076,0.5273946170427362
3077,0.5372823684141533
3078,0.5270277956992807
3079,0.5171852378538627
3080,0.5274498591043434
3081,0.5171970325042684
3082,0.5315257902746706
3083,0.5270689960705951
3084,0.677141197393879
3085,0.5279219524057412
3086,0.5280055327510097
3087,0.5275989432461646
3088,0.5276172644554749
3089,0.5172374029126711
3090,0.5316339200268049
3091,0.5316284769214769
3092,0.5369849075748665
3093,0.6475660769274717
3094,0.5316459165434017
3095,0.5319243106554187
3096,0.5172253699135193
3097,0.5318315662434
3098,0.6366229798619126
3099,0.5347437152976218
3100,0.5369534916224401
3101,0.5460315710057461
3102,0.5272174703583409
3103,0.6772216581985104
3104,0.5169540045717752
3105,0.5170413038611443
3106,0.5274509854353459
3107,0.51706975185185
3108,0.531575543314787
3109,0.5408423003543843
3110,0.5263485095261299
3111,0.5459090648120609
3112,0.6430933494090456
3113,0.5274303602925666
3114,0.5172044933438417
3115,0.516985748601092
3116,0.6777640490040465
3117,0.5321134748279291
3118,0.5268392221216408
3119,0.5170714161273586
3120,0.5322988679380739
3121,0.5318032594606117
3122,0.5282231529620404
3123,0.5269705980302711
3124,0.5320520214541911
3125,0.5686578294980861
3126,0.531638792289273
3127,0.5373873856685496
3128,0.5316361709991951
3129,0.5510742537206883
3130,0.5316902202535911
3131,0.5269031159364029
3132,0.5269943720107421
3133,0.6767337897236202
3134,0.5321397693472849
3135,0.6190190312478723
3136,0.527666480598674
3137,0.531806867324069
3138,0.5458128358382395
3139,0.5274443382464803
3140,0.5172257229344701
3141,0.5369535675181286
3142,0.5246354649214808
3143,0.527820833057801
3144,0.5367826067040176
3145,0.5565343679642856
3146,0.5170193357754809
3147,0.6732630205471759
3148,0.5170791725783137
3149,0.5271123930691136
3150,0.532264259617172
3151,0.5275857954544005
3152,0.5274791597056717
3153,0.5274377126354161
3154,0.5390535212396445
3155,0.5237605765888916
3156,0.5666231203454495
3157,0.6419283404275806
3158,0.5700368408755258
3159,0.6736333962328552
3160,0.5316688739467191
3161,0.6642282611915793
3162,0.6815618286687009
3163,0.5172000580275764
3164,0.5274201983469868
3165,0.5170160761891358
3166,0.5363815307997972
3167,0.5318553680143475
3168,0.6642215459142558
3169,0.5318242707862785
3170,0.645874562744821
3171,0.5318290579782364
3172,0.5273538647001783
3173,0.5715817871303525
3174,0.5273980726996028
3175,0.5172274739337545
3176,0.5172227052641832
3177,0.6771832754570093
3178,0.5172165805399435
3179,0.5170359754017858
3180,0.5172200156112805
3181,0.6773869415623537
3182,0.5274077549211257
3183,0.5322733476514172
3184,0.6730615043599251
3185,0.5322857815876371
3186,0.5199252274683194
3187,0.5269958029575155
3188,0.5279022887735432
3189,0.5322718303274064
3190,0.5224287219680416
3191,0.5274098314074294
3192,0.5316635174723731
3193,0.5269765082161043
3194,0.7097453182245334
3195,0.6467991567936056
3196,0.531785493666317
3197,0.5322861789151005
3198,0.6224283881255798
3199,0.6858438753025184
3200,0.527129043717172
3201,0.5367668655028278
3202,0.5172193961897065
3203,0.531582274172977
3204,0.5172163165943023
3205,0.531621440664352
3206,0.6458484309541751
3207,0.54101033604615
3208,0.5503962491493862
3209,0.5419912941163689
3210,0.5279404683923988
3211,0.5316500229538752
3212,0.527598642707289
3213,0.5316405114991797
3214,0.5170548354519713
3215,0.5318303033639346
3216,0.5316719878330917
3217,0.5170186279750314
3218,0.5274333952331607
3219,0.517201847838766
3220,0.5316252495506154
3221,0.5272713291432132
3222,0.5274435197165779
3223,0.517054313095088
3224,0.5275813598342174
3225,0.5368112764536465
3226,0.6410505038105873
3227,0.5458266644588127
3228,0.5273334848365775
3229,0.6733279228256782
3230,0.5316557130219508
3231,0.5279820524695213
3232,0.526975216238048
3233,0.6769133145205112
3234,0.6890169432681895
3235,0.5275972249386375
3236,0.5172030424311607
3237,0.6770109773850962
3238,0.51722378462832
3239,0.5414063065613718
3240,0.5172293636116806
3241,0.5172345050030477
3242,0.6732889581513631
3243,0.5300526247824251
3244,0.5172148295593298
3245,0.5170091937539306
3246,0.5273930432876417
3247,0.5316955196975592
3248,0.6027215376152487
3249,0.5170615137772125
3250,0.5412276175532202
3251,0.5318364744252488
3252,0.5443131284219185
3253,0.5229638609941419
3254,0.5316151943287546
3255,0.527824705528736
3256,0.527724111418891
3257,0.5170783685151948
3258,0.5269179127079179
3259,0.531674114403559
3260,0.5170793490814892
3261,0.5623897252290252
3262,0.5172314544930003
3263,0.5170587008880748
3264,0.5316638266254177
3265,0.5512515345405105
3266,0.5321028473078999
3267,0.5272115599012243
3268,0.527428676028289
3269,0.5515946886125743
3270,0.5316319548327516
3271,0.6725775853686481
3272,0.5321232777257866
3273,0.5172375921129074
3274,0.5247214405017877
3275,0.5271509860557064
3276,0.6773814054502078
3277,0.5276053370592046
3278,0.5456785561175971
3279,0.5172115014414745
3280,0.5171828362577864
3281,0.5277097616776407
3282,0.5273971263089652
3283,0.5172410532217523
3284,0.5172429541935248
3285,0.5708009187823443
3286,0.5274302706569128
3287,0.5274530362894371
3288,0.5502848428431969
3289,0.5431952544874691
3290,0.6649972018378635
3291,0.6818051005881788
3292,0.5171990638911989
3293,0.5318413583676547
3294,0.5316765375004858
3295,0.5271489401939776
3296,0.6771882704165302
3297,0.6769655968513819
3298,0.5370762055340603
3299,0.558316110737541
3300,0.5368168138888797
3301,0.6892806588624164
3302,0.5320734738207696
3303,0.5314800870014288
3304,0.5172229663384468
3305,0.5209132921672931
3306,0.5363678425521987
3307,0.5318302810248505
3308,0.5318026880747402
3309,0.5169853462906211
3310,0.5172349369643202
3311,0.5271226917751303
3312,0.5316688999313144
3313,0.5317994829855466
3314,0.6774408880643235
3315,0.6339080638788194
3316,0.524846682736992
3317,0.5369399965794774
3318,0.5275682524356724
3319,0.5556424727422956
3320,0.5322270511335272
3321,0.5242566248290115
3322,0.5271700070697102
3323,0.5194598957769919
3324,0.517235950378756
3325,0.5409238792081286
3326,0.5170504477252061
3327,0.5222005404002275
3328,0.5316469570194312
3329,0.5321108672177431
3330,0.6762049155307334
3331,0.5428124802769657
3332,0.527691328582955
3333,0.5276614511418893
3334,0.5276085858725551
3335,0.6730511607977119
3336,0.6664841817421374
3337,0.5636663446195072
3338,0.5316653391978411
3339,0.5171938458110079
3340,0.5172252387809992
3341,0.5171126404338426
3342,0.5170547928357577
3343,0.5324340453216012
3344,0.5275852448909314
3345,0.5322771258834246
3346,0.5171446829882659
3347,0.5172301774966004
3348,0.5275895361501322
3349,0.5170752024585918
3350,0.5273790268345387
3351,0.6766269408045381
3352,0.5274088921591624
3353,0.5320618699081826
3354,0.5274091810560582
3355,0.5276057397472329
3356,0.5316856449055376
3357,0.5320571661277755
3358,0.5414645691926635
3359,0.5171827595385387
3360,0.5318388443606704
3361,0.5316468502604652
3362,0.5272647693439069
3363,0.5363169218722745
3364,0.532098001393097
3365,0.5271528175466076
3366,0.5367935851091457
3367,0.5170049376374384
3368,0.5594546748778152
3369,0.527284376774048
3370,0.5270558925515352
3371,0.6558539617755661
3372,0.5320946107005362
3373,0.5322776026070754
3374,0.5172192848315177
3375,0.6732000708327078
3376,0.6268529210085524
3377,0.5278127799423599
3378,0.532214883089949
3379,0.6812199753857764
3380,0.6245215340913934
3381,0.5516289744217957
3382,0.5269812819484374
3383,0.5251155330280861
3384,0.5318373438923671
3385,0.6281548548699797
3386,0.526926590635911
3387,0.5714603912859835
3388,0.5171886716078277
3389,0.5274002608783267
3390,0.5320324262314806
3391,0.5273648931232304
3392,0.5172368005812751
3393,0.5170738712983863
3394,0.5280890674964134
3395,0.5278425077561706
3396,0.5437126640358335
3397,0.517049937210127
3398,0.5423697000416905
3399,0.5322742236262338
3400,0.5272295809764415
3401,0.5276137876248381
3402,0.5273616476289352
3403,0.532296939230294
3404,0.5223296390909269
3405,0.5170494506774239
3406,0.5274317237999564
3407,0.5172372361819204
3408,0.6728199633159215
3409,0.5316152484329562
3410,0.5503349667565167
3411,0.5172289929623808
3412,0.5172014496060111
3413,0.5316717295650176
3414,0.5279505821263006
3415,0.5365823545512906
3416,0.6318965983689189
3417,0.5270004698204649
3418,0.5322743388309344
3419,0.5463259351108338
3420,0.5317075805417151
3421,0.5321093103952995
3422,0.6737529210444121
3423,0.5172030761965588
3424,0.5316673760510288
3425,0.6773547897126833
3426,0.5240886812414486
3427,0.6810421106414007
3428,0.5303979431734508
3429,0.5317339032842118
3430,0.5276671461012183
3431,0.5317974037401271
3432,0.5170784956043549
3433,0.5278178758133855
3434,0.5170382107330168
3435,0.5278376064429839
3436,0.5170708655619412
3437,0.6933323554016426
3438,0.5322510317666809
3439,0.5273577617826567
3440,0.5273498565101454
3441,0.5995513702159884
3442,0.5316027314497607
3443,0.5322423781803802
3444,0.5169955461736084
3445,0.5170009480481682
3446,0.5321141112247525
3447,0.6766012649843377
3448,0.5172265873396871
3449,0.5172100317714785
3450,0.5322818861982558
3451,0.6729964777589703
3452,0.6773241579547911
3453,0.6773921045339426
3454,0.5316839782768721
3455,0.5172156383689637
3456,0.5586805182228235
3457,0.5321263586550127
3458,0.5170322939244877
3459,0.5173597591349756
3460,0.5273539375591665
3461,0.5273602487901554
3462,0.6473616840768515
3463,0.5169962916395813
3464,0.5320554353131088
3465,0.6178349773564799
3466,0.5403198745313441
3467,0.5316494236672342
3468,0.5277865973076507
3469,0.5225919704942973
3470,0.5275320984553009
3471,0.5172257949645039
3472,0.5172270041026511
3473,0.5322745952817752
3474,0.5317209658513059
3475,0.5275897249726604
3476,0.6732173594159176
3477,0.6816114650361775
3478,0.6767710576671543
3479,0.5317782650885229
3480,0.6774570031695613
3481,0.5367076049033456
3482,0.5583330200086001
3483,0.709055460180514
3484,0.6733444661135954
3485,0.527398631365881
3486,0.5269266200427847
3487,0.550394468172206
3488,0.5366293671656939
3489,0.5271900182985231
3490,0.5364227046648998
3491,0.677321582194973
3492,0.5170209358741499
3493,0.53671678475503
3494,0.5313024883670896
3495,0.6212486028972274
3496,0.5321110217557605
3497,0.5172028951861875
3498,0.5275129995609574
3499,0.5316253671571521
3500,0.5316940043200098
3501,0.5170509462190301
3502,0.5273963457203846
3503,0.5276288724574578
3504,0.5273652595718814
3505,0.6993739222256578
3506,0.5363547452941995
3507,0.5316067003429653
3508,0.550713998363089
3509,0.5276383313076837
3510,0.5418478046292952
3511,0.6935488927684124
3512,0.5278504809183271
3513,0.517210810031456
3514,0.5275916131618434
3515,0.5322796599904319
3516,0.5275209185112549
3517,0.5271966567918874
3518,0.6983041616818718
3519,0.5275844097008475
3520,0.5274284300577808
3521,0.5507217547834131
3522,0.5316248471907588
3523,0.5171939073689834
3524,0.6775945991901026
3525,0.5172231292344275
3526,0.5316152653893107
3527,0.5276062036192078
3528,0.5316578788106152
3529,0.5376656053659399
3530,0.5170341489219596
3531,0.5315990166205554
3532,0.6728678145390307
3533,0.5503106468396841
3534,0.5193250604836285
3535,0.5631148186855321
3536,0.5170833701413607
3537,0.5189375918651817
3538,0.6769088050034213
3539,0.677434129108377
3540,0.5317711333578427
3541,0.5273678028823056
3542,0.5316256673042157
3543,0.6728932063018049
3544,0.5320846320759668
3545,0.5273881009734186
3546,0.5269974733317747
3547,0.5321509994601412
3548,0.5503196744826703
3549,0.550388164382027
3550,0.5322791996930831
3551,0.5276024776426267
3552,0.5318174654633956
3553,0.673252185847398
3554,0.5170406050944109
3555,0.5418663476774734
3556,0.5591250380073591
3557,0.5170351121041434
3558,0.517075977891716
3559,0.5695614240447108
3560,0.5369357070846646
3561,0.5269230824420786
3562,0.517004647876887
3563,0.5321027231519783
3564,0.5438097706629511
3565,0.5320368592806582
3566,0.5372029731950901
3567,0.5321370583010802
3568,0.5278140616264909
3569,0.5184347579473763
3570,0.5503424415887459
3571,0.5403637632449629
3572,0.5172121214100659
3573,0.676569640131117
3574,0.5170202764345702
3575,0.5316859574074047
3576,0.5316244926390633
3577,0.5316231173847918
3578,0.5318149003777446
3579,0.531634249405598
3580,0.5459732310470717
3581,0.5458729898313348
3582,0.6644691950376004
3583,0.6729157917624853
3584,0.5169814171462708
3585,0.5170763836191015
3586,0.5369223905016902
3587,0.517044261152855
3588,0.7573738266405919
3589,0.5367670692805423
3590,0.5330423646386119
3591,0.527658185638706
3592,0.5170032355767624
3593,0.550387969065384
3594,0.5410674724082183
3595,0.5271499943317101
3596,0.5277386582687058
3597,0.5269170478333197
3598,0.5170449331839776
3599,0.6766597523800207
3600,0.5321011408151465
3601,0.5278329172362989
3602,0.556965440711677
3603,0.5274255922107747
3604,0.5272460197276537
3605,0.5170091668018022
3606,0.5316252905316188
3607,0.5273931243659574
3608,0.5503303619108414
3609,0.5316705830174457
3610,0.5318404508101557
3611,0.5172007562997727
3612,0.5170030278483516
3613,0.5273644023620639
3614,0.5273868185262198
3615,0.5274597746490362
3616,0.5316344167147969
3617,0.53168497015329
3618,0.5318085706376265
3619,0.6730649266915627
3620,0.517219994964363
3621,0.5169880892724193
3622,0.6730710897698488
3623,0.5171895946407369
3624,0.5170715661784504
3625,0.6732385218459446
3626,0.5316795384106366
3627,0.5278989063003219
3628,0.527710622010625
3629,0.5316722846715514
3630,0.5320816935803601
3631,0.5170442763332627
3632,0.5583883120610666
3633,0.5462910191940246
3634,0.5460239894665581
3635,0.5269993974994595
3636,0.5274198900778222
3637,0.5322818770703073
3638,0.6841303940775559
3639,0.5171981929198212
3640,0.5276031033633314
3641,0.5462587216999819
3642,0.5323059089629886
3643,0.561314395257677
3644,0.5274027187865299
3645,0.672085680686897
3646,0.527577204084625
3647,0.5641193746443308
3648,0.5321265277751561
3649,0.550515482645251
3650,0.5170257088178614
3651,0.5274205513072168
3652,0.532141695275921
3653,0.5421259453151354
3654,0.5275752172332342
3655,0.5316264261975636
3656,0.6641508623017642
3657,0.5273266454326386
3658,0.5170646185007374
3659,0.531677355984568
3660,0.5170016580712627
3661,0.6573333241919898
3662,0.5318262379820846
3663,0.531832929547866
3664,0.5172239183364804
3665,0.5276164640624446
3666,0.517038461730694
3667,0.5275314606972474
3668,0.5694169901025431
3669,0.5316136516657659
3670,0.5172027993314461
3671,0.5315837726035816
3672,0.5274371577180803
3673,0.5275495875629113
3674,0.5317975855780572
3675,0.5458590360003482
3676,0.517189084572541
3677,0.5269639744966458
3678,0.6705137129830974
3679,0.5313754581336313
3680,0.7620473362587374
3681,0.7080934595876102
3682,0.5316846089708558
3683,0.527099738728613
3684,0.5170199470583824
3685,0.7279752115664343
3686,0.6826761001151284
3687,0.5273775817815523
3688,0.5172204584676586
3689,0.5318433985679879
3690,0.5170393223561965
3691,0.5316689493138488
3692,0.5316548107568688
3693,0.5321408989338132
3694,0.5321205090396967
3695,0.5273940571723937
3696,0.5458663895601807
3697,0.677240861354637
3698,0.5172127027221399
3699,0.517071605573818
3700,0.5318491121378732
3701,0.5265530504472348
3702,0.5318114842692279
3703,0.5170083533812261
3704,0.5365576197077367
3705,0.5316357924344268
3706,0.5172034540277447
3707,0.5316214081548065
3708,0.5323030191855724
3709,0.550663671306975
3710,0.5169763881324986
3711,0.5316944622867668
3712,0.5275973786840049
3713,0.6732382683826851
3714,0.526962637478204
3715,0.5316038275297271
3716,0.5274320365948438
3717,0.5274089075528203
3718,0.5275529173864677
3719,0.517020066979055
3720,0.531683686022044
3721,0.5170299755012912
3722,0.5274544911368308
3723,0.532287332215236
3724,0.5320747118749304
3725,0.5320941589610878
3726,0.6512838256008735
3727,0.5316007981848592
3728,0.5503868724559947
3729,0.5170692337763997
3730,0.5171870054531341
3731,0.5322886611494213
3732,0.5316378704633273
3733,0.5172080089454663
3734,0.5320295656669746
3735,0.5316452315469392
3736,0.5368217922637597
3737,0.5264087264811889
3738,0.5317360068089648
3739,0.5273997442993745
3740,0.5172282736120725
3741,0.531844102618449
3742,0.5220092620492064
3743,0.5274403071363042
3744,0.5410964014112691
3745,0.5170201282599242
3746,0.5318077093347284
3747,0.532427911296128
3748,0.6352404536640098
3749,0.5244298089808429
3750,0.6725918048464644
3751,0.5172375715489061
3752,0.5212645039775777
3753,0.5316590604024498
3754,0.673372346876107
3755,0.5172309258358905
3756,0.532036428360769
3757,0.5578487569539047
3758,0.531624454969807
3759,0.5316887913258758
3760,0.5322361448710949
3761,0.5316175333079186
3762,0.5318206253042685
3763,0.5323829060164394
3764,0.5169811521452592
3765,0.5316861984710249
3766,0.517224911710658
3767,0.5270759613892879
3768,0.5322476084921955
3769,0.5318145146497254
3770,0.5318383236118982
3771,0.5172054681496207
3772,0.5268140711342235
3773,0.5320717779680102
3774,0.5438687993722475
3775,0.5271954791487968
3776,0.6636498657673984
3777,0.5170342904018531
3778,0.6351666814040345
3779,0.5170025309115415
3780,0.517067527102559
3781,0.6732966670642783
3782,0.5316852056119633
3783,0.5599650705741774
3784,0.5277326922519707
3785,0.5366705650590627
3786,0.5321025908847344
3787,0.5321360621429815
3788,0.5270542385084922
3789,0.5171910474553837
3790,0.5316693437547432
3791,0.5322890363792872
3792,0.546219842197466
3793,0.551236409050219
3794,0.5172013566564545
3795,0.5170646882312574
3796,0.5317399399275212
3797,0.5367819584691199
3798,0.517144573423812
3799,0.5270010008526059
3800,0.5278711735202652
3801,0.5172061931870112
3802,0.5247980008572346
3803,0.5318514656223807
3804,0.5273574364853849
3805,0.5170547890239731
3806,0.517039537093241
3807,0.6639967989295159
3808,0.5316843803301974
3809,0.5273925460292421
3810,0.5316698122099894
3811,0.5369465309191357
3812,0.6939825991529094
3813,0.534457722604911
3814,0.5316025221321034
3815,0.6769075459610652
3816,0.6260946411372275
3817,0.685000498203529
3818,0.5276057443998595
3819,0.517211605651035
3820,0.5720753669719336
3821,0.5316330157827587
3822,0.5321425398133932
3823,0.5198673651489442
3824,0.5171865540084255
3825,0.6566993027933229
3826,0.6734566025788902
3827,0.5171958942009921
3828,0.517033124004857
3829,0.517053426202071
3830,0.5321186800294234
3831,0.5171801290892057
3832,0.5321474893368117
3833,0.677031726894685
3834,0.531602473010403
3835,0.5274006614194376
3836,0.5205126707640383
3837,0.5170601568997436
3838,0.5437091037777025
3839,0.5171966875284764
3840,0.6767623072638876
3841,0.5170320333180957
3842,0.6773809501169331
3843,0.5172413188365284
3844,0.5367246794346231
3845,0.6770095880168868
3846,0.5516384052153821
3847,0.6775493611937919
3848,0.5276000883026277
3849,0.545940074955709
3850,0.5269832405860755
3851,0.5324222612672981
3852,0.527381926516411
3853,0.5188498443405852
3854,0.6728383461005796
3855,0.5318328351745018
3856,0.5503898394777705
3857,0.5273992751462344
3858,0.5274098311637224
3859,0.5698352036758161
3860,0.5172265460405224
3861,0.5512025117359425
3862,0.5322507423279296
3863,0.5171940257177222
3864,0.5275405047549709
3865,0.527530379652753
3866,0.5171981084514904
3867,0.6640223902935882
3868,0.5235561121911173
3869,0.5316198501946358
3870,0.5276011318565785
3871,0.5170641516345509
3872,0.5172168290548796
3873,0.5322853670470034
3874,0.5273898065675373
3875,0.5271141288007691
3876,0.5316873252235249
3877,0.5597437699744756
3878,0.5320454798000789
3879,0.5274312313690848
3880,0.5264679496938798
3881,0.6526505811932577
3882,0.5278137098510041
3883,0.5275929576437142
3884,0.5249404574094727
3885,0.5460304532512829
3886,0.5171865693728821
3887,0.6263654455492231
3888,0.5316684958497935
3889,0.517085210181947
3890,0.6771988907447246
3891,0.5271153061281687
3892,0.5253171659933092
3893,0.524806235483752
3894,0.5318351182750531
3895,0.5275770855116624
3896,0.5275939863147814
3897,0.6642415871569464
3898,0.5200788834380385
3899,0.5273715375112767
3900,0.5316062572494492
3901,0.5269411153564822
3902,0.527355039992192
3903,0.6728886888057655
3904,0.5320975963675687
3905,0.5316846438386809
3906,0.5503680804947163
3907,0.5277117829546065
3908,0.5172329416430926
3909,0.517064125147354
3910,0.5170711688326376
3911,0.5382712462218208
3912,0.6642642609074209
3913,0.550347103219368
3914,0.5322874178135454
3915,0.6939185522300363
3916,0.5170788322591514
3917,0.517009733981707
3918,0.5273838920712041
3919,0.5172270348109563
3920,0.5322611906946653
3921,0.5170414969966891
3922,0.6548955726435349
3923,0.5412169892869401
3924,0.6730160061697249
3925,0.5275958562126123
3926,0.5273879088220875
3927,0.5269467441784845
3928,0.5274364951296289
3929,0.550373468291196
3930,0.5438582790174759
3931,0.5172056157356648
3932,0.5368221455260629
3933,0.5169886534462601
3934,0.5274150515451124
3935,0.5169571295540052
3936,0.5399211740486094
3937,0.5368022159368359
3938,0.6238036925679705
3939,0.5321351800063748
3940,0.6890897319108531
3941,0.5316660125398551
3942,0.5320896410476627
3943,0.6938287991624342
3944,0.6731718996364487
3945,0.5169754666751762
3946,0.5367507642740074
3947,0.5170341749934011
3948,0.5440781043194514
3949,0.6768618405477355
3950,0.5274456433819009
3951,0.5289536594547268
3952,0.6208326040383674
3953,0.5274273834259827
3954,0.5316210467670847
3955,0.569777337603222
3956,0.5503817027566569
3957,0.5316265620352951
3958,0.5457540888021126
3959,0.5275611449088788
3960,0.5269635495710456
3961,0.5273771933118921
3962,0.5174883358309217
3963,0.5320653507794787
3964,0.5368141892769978
3965,0.5270175221591952
3966,0.5280839040739118
3967,0.5322887544147139
3968,0.5273917331555841
3969,0.5316769677140107
3970,0.5170192570020261
3971,0.5274214000631978
3972,0.5318442810382826
3973,0.5320870507370267
3974,0.6732576802565085
3975,0.5717111189608068
3976,0.5322805730297134
3977,0.5578849010753575
3978,0.5271531215271158
3979,0.5317584622913626
3980,0.5510440279992318
3981,0.5269683611093059
3982,0.5315678398858497
3983,0.5316995449498413
3984,0.531687487788457
3985,0.5324997331558324
3986,0.5269492012239838
3987,0.5270004211592939
3988,0.5279869544581896
3989,0.5276333477672721
3990,0.5273965717441984
3991,0.5216382448315574
3992,0.5363952925133536
3993,0.6306326101134594
3994,0.517230840439596
3995,0.5170349242958097
3996,0.5172270508338144
3997,0.5322953397902018
3998,0.5318196812449946
3999,0.5172332450610804
4000,0.5503689309888415
4001,0.5274641734638157
4002,0.531930397262919
4003,0.5316547506143535
4004,0.5273800770804508
4005,0.5316731359221384
4006,0.5275339192775338
4007,0.6772189449389703
4008,0.5319205075257366
4009,0.6382879717150558
4010,0.5170777108090844
4011,0.5172347874060002
4012,0.5322431458355246
4013,0.6403010695422503
4014,0.5275573827433644
4015,0.5321346803297623
4016,0.5316865077908637
4017,0.6237926976668625
4018,0.5322854555692587
4019,0.5169940681668276
4020,0.53679973110023
4021,0.517214333188792
4022,0.543559433196897
4023,0.5322010172002999
4024,0.5321531301615376
4025,0.5321296027295164
4026,0.5322703958028004
4027,0.6232974976235489
4028,0.6768321703839842
4029,0.6473305051978615
4030,0.5440868959697077
4031,0.5171943922740775
4032,0.6734790555513064
4033,0.5322716491841397
4034,0.6775930728879239
4035,0.5205677724665514
4036,0.6734581332298373
4037,0.5316310715649857
4038,0.5274184996236826
4039,0.5318478050350767
4040,0.5172340067611224
4041,0.5276345207458008
4042,0.5271415395594027
4043,0.5170439378549354
4044,0.5275540467439009
4045,0.5691612507505882
4046,0.5169650090324822
4047,0.5275958544087608
4048,0.5317049397024156
4049,0.6807481078805907
4050,0.5446218146154458
4051,0.6311280637225588
4052,0.5375501927848313
4053,0.5320892892284296
4054,0.67702838782293
4055,0.5273221916750511
4056,0.517206090856946
4057,0.5417132654338781
4058,0.5367445679313643
4059,0.531652760358277
4060,0.5321082262360967
4061,0.6409106881040321
4062,0.6365226744270756
4063,0.6708987270055452
4064,0.5316797978072776
4065,0.5321005453983961
4066,0.5274429861271409
4067,0.53207346379134
4068,0.6475375530580717
4069,0.5321290958095996
4070,0.5322620397124557
4071,0.5273790902227763
4072,0.5367355545831612
4073,0.7516382646655712
4074,0.5251536620640953
4075,0.5172039538410812
4076,0.5440265543627896
4077,0.5273773033679989
4078,0.638137762746629
4079,0.5169550644230531
4080,0.5276396529110328
4081,0.5322887844972
4082,0.5275908579615569
4083,0.6542163357097397
4084,0.5316562741320168
4085,0.5170271982550719
4086,0.6216793198050674
4087,0.5322946118731774
4088,0.5430529561334656
4089,0.5365577427547475
4090,0.5172199371481764
4091,0.5274183212627269
4092,0.6457510328169364
4093,0.5172112470121811
4094,0.5333038331140441
4095,0.5368048689999072
4096,0.5320781688696506
4097,0.5277876236094051
4098,0.5269128347348051
4099,0.5316766888961934
4100,0.5276483351233984
4101,0.6765525146554381
4102,0.6276225298015631
4103,0.5316638142372425
4104,0.5269981113213421
4105,0.5316450388583284
4106,0.5269197557814652
4107,0.5170015424562322
4108,0.5410638443214814
4109,0.5693285070893876
4110,0.5170114082587852
4111,0.5322862227399806
4112,0.5318175943977315
4113,0.6326378864032275
4114,0.5274088673172419
4115,0.5376969204250577
4116,0.5171929806512887
4117,0.5316507964227535
4118,0.5274073212232789
4119,0.6771860464173782
4120,0.5172368059815338
4121,0.5273706488010672
4122,0.5316584685819905
4123,0.5322926856107657
4124,0.5280040593863737
4125,0.5170200720558144
4126,0.5458974255936282
4127,0.5320868162989273
4128,0.5275761087602592
4129,0.5273819634222433
4130,0.526956687452162
4131,0.5321268571403518
4132,0.5320376712241754
4133,0.6731005698797069
4134,0.5316482839429449
4135,0.5274359941411306
4136,0.536782802297324
4137,0.5317624303506435
4138,0.523864414744056
4139,0.6527774841129339
4140,0.5316558382661921
4141,0.5269835446501355
4142,0.5172261469086458
4143,0.517048233774046
4144,0.5170512130138248
4145,0.5170188216363856
4146,0.52782951814349
4147,0.6857348884067025
4148,0.5170296968795579
4149,0.51703409914109
4150,0.5316076634938894
4151,0.5412225074044514
4152,0.5274485887113476
4153,0.5322379783145236
4154,0.5272189957982923
4155,0.5458909891654371
4156,0.5170147372478917
4157,0.5211407414272663
4158,0.5321267721711503
4159,0.519051905287201
4160,0.5272501054348412
4161,0.5323908229838233
4162,0.5170746824364706
4163,0.5172049321258155
4164,0.5316157594251677
4165,0.6772912118331029
4166,0.6553513947584412
4167,0.5263299202226707
4168,0.536879085225665
4169,0.6730036571059256
4170,0.5318180549322734
4171,0.5271452701716091
4172,0.6635818410829584
4173,0.5170547682286302
4174,0.5503670811560013
4175,0.5170417346960007
4176,0.5317491068477984
4177,0.5461163362553881
4178,0.5172234490840384
4179,0.531346840899185
4180,0.5172311315337305
4181,0.5320697540542523
4182,0.6642780399236322
4183,0.6936836087746411
4184,0.5215702752830601
4185,0.5172091799622208
4186,0.5414733950679097
4187,0.5274026434923103
4188,0.5316922694626315
4189,0.516993754661106
4190,0.5316897944761413
4191,0.6731046751275042
4192,0.53163080981175
4193,0.5320747612941613
4194,0.5275052820197919
4195,0.5271293340315373
4196,0.5316899371648781
4197,0.5503210103473051
4198,0.5318540158343265
4199,0.5320622422046924
4200,0.5513401012808765
4201,0.5273791486678387
4202,0.5321174907917159
4203,0.6728361638183034
4204,0.5318415550166936
4205,0.5318475192809288
4206,0.5271798995610597
4207,0.51701136043103
4208,0.5275691209797683
4209,0.531638586324877
4210,0.5316917272199623
4211,0.5380676168537377
4212,0.517041639556868
4213,0.5326604683850488
4214,0.5222932874829376
4215,0.5172273125894699
4216,0.5170777048159426
4217,0.6773779427487805
4218,0.5172321747448638
4219,0.5505057280343165
4220,0.5316902917400457
4221,0.5275055037256198
4222,0.5170056463118119
4223,0.6939734468855813
4224,0.6637138542203772
4225,0.5275023387939493
4226,0.532395566337638
4227,0.5460574993731271
4228,0.5439386892709555
4229,0.5318472586150561
4230,0.5172189933582745
4231,0.5320900742571023
4232,0.6766683761050073
4233,0.6732534568708192
4234,0.559415329002384
4235,0.5458456874536778
4236,0.5172056991849485
4237,0.5316534513974571
4238,0.517219894075199
4239,0.532113582385442
4240,0.5364249539762993
4241,0.5170292712359584
4242,0.6727224809701382
4243,0.637065590934354
4244,0.5269349573684251
4245,0.5417387269086329
4246,0.5503588484394278
4247,0.5172155865216107
4248,0.5323000032472518
4249,0.5425882733909635
4250,0.5503448394029965
4251,0.525493192386776
4252,0.5365401735847252
4253,0.5274156363616351
4254,0.693287141950759
4255,0.5276526761790418
4256,0.6895908373236865
4257,0.5423390165318714
4258,0.6734462888984653
4259,0.5321125910475099
4260,0.5322705269320261
4261,0.5681530814871604
4262,0.5410567004755396
4263,0.5316626026458108
4264,0.5169687411597488
4265,0.5320887427620964
4266,0.5322165153743569
4267,0.5170077049007491
4268,0.5318276785562165
4269,0.5278964572023744
4270,0.5318351565877076
4271,0.5316731082396816
4272,0.5460455422124717
4273,0.5316878457588942
4274,0.5170802504245935
4275,0.6472973061445174
4276,0.532055382449674
4277,0.5172012951093456
4278,0.5316888891961881
4279,0.5270820335820736
4280,0.5271312438371495
4281,0.5628470597915181
4282,0.6314796614522936
4283,0.5316689808877402
4284,0.517202806751415
4285,0.5320723693080651
4286,0.5247594152399977
4287,0.550327787618262
4288,0.5318101033468494
4289,0.5275810919069862
4290,0.5512670220869503
4291,0.517233407917095
4292,0.5316601151801401
4293,0.5170287858928964
4294,0.5316087098288254
4295,0.531624969885471
4296,0.5323002570562179
4297,0.5512069004076411
4298,0.5458737069973696
4299,0.5172176855193157
4300,0.51718624920529
4301,0.5316153493039004
4302,0.5418087209792813
4303,0.5276291303278492
4304,0.5322791737825184
4305,0.5316688186465963
4306,0.5274011492029205
4307,0.5321298485136993
4308,0.5315680699708748
4309,0.5274765848050534
4310,0.5170043485736869
4311,0.5171805062773005
4312,0.5318320909364995
4313,0.6773583084728944
4314,0.5409990228897211
4315,0.5276195529563031
4316,0.532076158671011
4317,0.5271572224643316
4318,0.5269514520642113
4319,0.5256019221540974
4320,0.63501989571545
4321,0.5270069553719299
4322,0.5278792986190219
4323,0.5278305138486861
4324,0.5276347426797389
4325,0.5275994562715668
4326,0.5322272985906901
4327,0.7055232978913842
4328,0.5318331611433877
4329,0.6528038125359132
4330,0.6775839364943681
4331,0.5271604201177019
4332,0.5273225351354924
4333,0.5323002432956099
4334,0.5503755798545715
4335,0.5394474521370284
4336,0.527562771486092
4337,0.6769534164492559
4338,0.5170048231294098
4339,0.5170501042458259
4340,0.5273162269524986
4341,0.522439672286074
4342,0.5350560090416439
4343,0.517031656521936
4344,0.5316572126372776
4345,0.5274244546382957
4346,0.5274467306083775
4347,0.5252755668012249
4348,0.532102111108498
4349,0.6539880033802019
4350,0.5366103504836359
4351,0.5197874451287499
4352,0.6734651917577998
4353,0.5321301125716573
4354,0.6642742160125392
4355,0.5369538640009223
4356,0.517213518754026
4357,0.5322800217445433
4358,0.5318286901086985
4359,0.6731079100423681
4360,0.5196466549558664
4361,0.5174071129417231
4362,0.5214809047718969
4363,0.5316849106940238
4364,0.5275326401299136
4365,0.5324148796263559
4366,0.5274456827143265
4367,0.5367561585421771
4368,0.5276324828215693
4369,0.5274181909973059
4370,0.5320930930195649
4371,0.5503081626913423
4372,0.5170189972674488
4373,0.5365385382068566
4374,0.5428502355714994
4375,0.5172023559280104
4376,0.6470605290406475
4377,0.5316605005907745
4378,0.5316856257820417
4379,0.5170408797820566
4380,0.5394266570182277
4381,0.5386250289993049
4382,0.5316433160689166
4383,0.5170028713493089
4384,0.673395633402862
4385,0.5274285173312819
4386,0.5657757437337775
4387,0.5322760790444419
4388,0.5369321527651382
4389,0.532041692648545
4390,0.6777906701071564
4391,0.6642749635140893
4392,0.5171883812494634
4393,0.517037518831555
4394,0.5322588351165944
4395,0.5275674658031022
4396,0.5269047738352668
4397,0.5274366955415082
4398,0.5276435460603636
4399,0.517041301538549
4400,0.5412020865370597
4401,0.519038473613701
4402,0.5369824209610312
4403,0.5316216154178247
4404,0.5219975983930678
4405,0.5192411538745018
4406,0.5170338816112475
4407,0.5363903134392797
4408,0.5213782774847966
4409,0.5321153009555547
4410,0.532254692171298
4411,0.5274340975295976
4412,0.7016737478083283
4413,0.5364090298683459
4414,0.6773382710636605
4415,0.624780712482322
4416,0.532097002384695
4417,0.5273401451901752
4418,0.5274551794691812
4419,0.527792847874335
4420,0.5277709987120585
4421,0.5320267880760232
4422,0.5170408358742621
4423,0.5509814077255576
4424,0.5317003956741214
4425,0.5202760666847773
4426,0.5316196493258067
4427,0.5316829746669102
4428,0.532252371942276
4429,0.5321428662812608
4430,0.5272215305345044
4431,0.5169945178907559
4432,0.5886565417403706
4433,0.6769663078535452
4434,0.70222405397612
4435,0.5275647691359839
4436,0.6814789102854749
4437,0.530437446690794
4438,0.527602881973064
4439,0.5409175666505903
4440,0.5322914557833318
4441,0.5172405683097809
4442,0.5273486240359317
4443,0.5172321508579202
4444,0.5318113839152938
4445,0.5365899994164164
4446,0.6666809621246021
4447,0.5269836632432012
4448,0.5317734239522539
4449,0.6773913760407657
4450,0.5441833873074147
4451,0.5171882137632602
4452,0.536966782558467
4453,0.5318378313773455
4454,0.5169641903227434
4455,0.5271864977773093
4456,0.522342847333555
4457,0.5170284669837519
4458,0.5315782852734644
4459,0.5316902027419844
4460,0.5271161801466768
4461,0.55826595609378
4462,0.5270119167607407
4463,0.5170117927710006
4464,0.5274252684888597
4465,0.5322704763840901
4466,0.5367622692508841
4467,0.6732678960683912
4468,0.5172282085112587
4469,0.5316466853537781
4470,0.527633962367962
4471,0.5170587698999962
4472,0.6771994768256703
4473,0.5274648993365924
4474,0.5222311695596389
4475,0.5172319013972083
4476,0.5322108142501606
4477,0.5503255749734239
4478,0.5410088389415867
4479,0.5278539236016926
4480,0.6360739857147664
4481,0.5172328692263469
4482,0.532411662989448
4483,0.6640535777104866
4484,0.527463518605531
4485,0.5372103693905228
4486,0.5503778304017559
4487,0.517078520757367
4488,0.531684135224117
4489,0.517236747680516
4490,0.6308003167775306
4491,0.5318319223375088
4492,0.5558567329414892
4493,0.5700938647958936
4494,0.5366902419106715
4495,0.5170899026571395
4496,0.5316509675934166
4497,0.5274307635478224
4498,0.5201851057665923
4499,0.5274291745676036
4500,0.5315970578357455
4501,0.5243035060425624
4502,0.5515102191697376
4503,0.527332489575582
4504,0.5170763904699952
4505,0.5172207005169601
4506,0.5318111453741066
4507,0.5326719871220055
4508,0.5320698711045616
4509,0.5561133520971818
4510,0.5315862365133435
4511,0.5171995233740375
4512,0.5274679859691322
4513,0.673083160104938
4514,0.5368200559141649
4515,0.5171911495835791
4516,0.5172157227518511
4517,0.5442719390571096
4518,0.5169565147218084
4519,0.663641996139962
4520,0.5416713991259611
4521,0.5321302429311752
4522,0.5172211324491476
4523,0.5367277024168778
4524,0.5320620404649
4525,0.5279393367123177
4526,0.6935391780199447
4527,0.6876688191575557
4528,0.5503658593460161
4529,0.6641010780476604
4530,0.5171897305641064
4531,0.5172392682734963
4532,0.5170393699438973
4533,0.7628073934115916
4534,0.5171879258624704
4535,0.6770349323103226
4536,0.5506862799028241
4537,0.5200079343844003
4538,0.5324268829957524
4539,0.6424942886074132
4540,0.5410679712917565
4541,0.5240076527383709
4542,0.5277572516657555
4543,0.6706065436019794
4544,0.5169711580721773
4545,0.5318062879103691
4546,0.5276102338975691
4547,0.5316337169117487
4548,0.5368973038202418
4549,0.5318460487714871
4550,0.5257834417146893
4551,0.5171736594783338
4552,0.5316701147863698
4553,0.5276472558984114
4554,0.5274334908986275
4555,0.6933908370842323
4556,0.5317510510077331
4557,0.6931990557466945
4558,0.5394122670088322
4559,0.5403044126351033
4560,0.6732227831657429
4561,0.6734003887273187
4562,0.5366047247756818
4563,0.527788719060753
4564,0.5273779481820888
4565,0.5249169801101012
4566,0.5171905798885789
4567,0.5274395823000919
4568,0.5200203059604429
4569,0.5322994378480284
4570,0.5273791187446162
4571,0.5275575676780225
4572,0.5171942029680481
4573,0.6777976723256786
4574,0.5275738751332479
4575,0.5320605766745607
4576,0.5322728582681949
4577,0.5169994047568748
4578,0.527869322274058
4579,0.5316148261280336
4580,0.5270158231854659
4581,0.5316315848607318
4582,0.6732396078781065
4583,0.5170544362337162
4584,0.6773659219368269
4585,0.6641066940026686
4586,0.5516901618983904
4587,0.5273395379322074
4588,0.5714556123675584
4589,0.5317554435644877
4590,0.5224085220638455
4591,0.5315873072552914
4592,0.5274267019403189
4593,0.6815467457380563
4594,0.5170720571199312
4595,0.531660065768187
4596,0.5275875423744861
4597,0.5321223598749087
4598,0.5192336810816197
4599,0.5315865516201768
4600,0.5240476497639164
4601,0.5273802127397501
4602,0.5316580925636064
4603,0.5323004654873998
4604,0.517046783304353
4605,0.5275692040115849
4606,0.5318994961586689
4607,0.5320732124180141
4608,0.531689823489556
4609,0.7774659497799975
4610,0.5170276373111525
4611,0.5279393989342114
4612,0.5317020114475725
4613,0.5170605069410946
4614,0.5316936773226488
4615,0.6774406073990681
4616,0.5406453562116077
4617,0.5254679425054498
4618,0.5315880323791995
4619,0.551742950554062
4620,0.5322479150277818
4621,0.5172426225418236
4622,0.5514419814295352
4623,0.5277960236489991
4624,0.5367936595264354
4625,0.5320635339505296
4626,0.6769677643082612
4627,0.5322888317332011
4628,0.5320660534863509
4629,0.5170795904202087
4630,0.5316319524909597
4631,0.6728720322448061
4632,0.5274146084596743
4633,0.6770366789110358
4634,0.5273951358188079
4635,0.532068597238144
4636,0.5321488510201559
4637,0.5275653448608975
4638,0.6797144352800947
4639,0.5367264077193116
4640,0.5317876645155466
4641,0.5316420405873722
4642,0.5275944153166102
4643,0.5170761666393796
4644,0.554195260475271
4645,0.6391952742898501
4646,0.5322736947799552
4647,0.6725068001717902
4648,0.5275857637353785
4649,0.5169986352097261
4650,0.5504882999680405
4651,0.5274400881497131
4652,0.5170140331457482
4653,0.6144480180041737
4654,0.5274397792161878
4655,0.5172337641263386
4656,0.550387411189778
4657,0.5273874098961141
4658,0.5365134234261008
4659,0.5322555395534376
4660,0.5170299697275557
4661,0.5274123468127709
4662,0.7751835028891334
4663,0.5172368196218043
4664,0.5367068872766778
4665,0.5321262932541694
4666,0.5273969040545748
4667,0.530440468500818
4668,0.5263586727486784
4669,0.5320597219696036
4670,0.5273816633240923
4671,0.5655437663431082
4672,0.5285292100742454
4673,0.5316910274798242
4674,0.531839336625981
4675,0.5222468980924471
4676,0.5269946479546311
4677,0.5412083916979462
4678,0.5273357175512245
4679,0.5276197512904862
4680,0.5277656264410855
4681,0.5513190562144751
4682,0.5322541504703817
4683,0.6503946682218423
4684,0.5170190362355165
4685,0.5323034408938718
4686,0.5367225804812634
4687,0.5316924554940875
4688,0.5321704167673904
4689,0.5315742602302439
4690,0.5316105875092512
4691,0.517012059616987
4692,0.6768041315796055
4693,0.524545530820788
4694,0.5325248416918041
4695,0.5170782214712759
4696,0.5510093732093765
4697,0.5278303963330728
4698,0.5406540584938619
4699,0.5363263225238101
4700,0.5170610877800694
4701,0.5460422121871279
4702,0.5320417979112091
4703,0.536753797403806
4704,0.516987947736075
4705,0.5274470763689901
4706,0.5273719221747871
4707,0.5275317979928523
4708,0.5316735479470037
4709,0.5276227251257454
4710,0.686157094317976
4711,0.5318540674785512
4712,0.5237861552014043
4713,0.5363500443947099
4714,0.6734341369567792
4715,0.6214386359401043
4716,0.6775188756489791
4717,0.5269913119768238
4718,0.5277508265209159
4719,0.5170041590266098
4720,0.5171937816547688
4721,0.6642657398303954
4722,0.5320629173576874
4723,0.5573790828012727
4724,0.5318307911653423
4725,0.6321373169079678
4726,0.5269942691618992
4727,0.5170552631559682
4728,0.5172175938702588
4729,0.5203493249254391
4730,0.5274262785979686
4731,0.5170357009834999
4732,0.5170498428398181
4733,0.5505284769848144
4734,0.5273959699409891
4735,0.5316300155053564
4736,0.5317574630346801
4737,0.5172037047528159
4738,0.5301703103540103
4739,0.5276845070866609
4740,0.5273744720650689
4741,0.5170701129269327
4742,0.5270152003440828
4743,0.5312711128772273
4744,0.5170166779158516
4745,0.6726022019329305
4746,0.55036248763348
4747,0.5237300867048649
4748,0.5275337228692644
4749,0.5369859754317442
4750,0.5274047389852643
4751,0.5197979896229412
4752,0.6519815499178742
4753,0.5274458160306752
4754,0.517028298785494
4755,0.6153675306356835
4756,0.5170297992175222
4757,0.5457221074636428
4758,0.6733037918356736
4759,0.5720727063758383
4760,0.5503050347979164
4761,0.517029254339875
4762,0.5503791143848181
4763,0.5275918196837387
4764,0.5172171079701545
4765,0.5316726830104255
4766,0.6889840263416568
4767,0.5450443863686792
4768,0.5367543578388948
4769,0.5318209916647425
4770,0.5414047174950957
4771,0.5322500803011506
4772,0.6637118349673861
4773,0.5318420649114104
4774,0.5170724175775285
4775,0.517027653755132
4776,0.5271719966157001
4777,0.5274387449887408
4778,0.5316880373430476
4779,0.5991256280267543
4780,0.5369579294080218
4781,0.5172174814508471
4782,0.531628344534019
4783,0.536804235579697
4784,0.6394220834484865
4785,0.5170197737488084
4786,0.5239374253605925
4787,0.6639830320482598
4788,0.5318499790582021
4789,0.6564035243219565
4790,0.5269504697739119
4791,0.5276446356722466
4792,0.536632348373648
4793,0.516995650893404
4794,0.5273874276985766
4795,0.5256817157863073
4796,0.5207456767491958
4797,0.5273600528475897
4798,0.517235546678747
4799,0.5171914113219145
4800,0.5172410740963993
4801,0.5409799457836103
4802,0.5274857603356752
4803,0.6638955968855422
4804,0.5317886785092912
4805,0.5252972437146418
4806,0.5321348915267048
4807,0.5318026019569689
4808,0.5274089492424084
4809,0.5321364522567952
4810,0.5274803186066598
4811,0.5322514593538927
4812,0.5321266512592224
4813,0.5364208402828005
4814,0.5279239353279895
4815,0.5322467051488583
4816,0.5211389287335091
4817,0.527251719518028
4818,0.5316838394933388
4819,0.5279288278060378
4820,0.5321056106904325
4821,0.5316667012405676
4822,0.5271325975217147
4823,0.5275431326298932
4824,0.5256421553941824
4825,0.5318121534555705
4826,0.531837730139505
4827,0.5443481972793855
4828,0.526917011713885
4829,0.5274186096415604
4830,0.5563261394288944
4831,0.5170280498882076
4832,0.5692194124264788
4833,0.5516362477454433
4834,0.5736836224386509
4835,0.569995961087642
4836,0.5326779463118112
4837,0.5444700623924501
4838,0.6336233027690238
4839,0.5367339414663983
4840,0.5335085402982263
4841,0.6537846662690437
4842,0.5170694088247783
4843,0.5172297697956534
4844,0.5367049443436164
4845,0.5421953953213396
4846,0.5170724604806874
4847,0.5320704463781996
4848,0.5367955503842724
4849,0.5269653472779738
4850,0.5416338042664594
4851,0.6811056965970467
4852,0.5270732815331443
4853,0.5321059892846376
4854,0.5320556479078923
4855,0.6729654938482709
4856,0.5446265099332799
4857,0.5273329048103861
4858,0.5267080035636218
4859,0.5365099397103269
4860,0.5273735345745632
4861,0.6442667252663427
4862,0.531691298612506
4863,0.5238878508302135
4864,0.5322530548255744
4865,0.5325596446128251
4866,0.5170227009116726
4867,0.5508117995823997
4868,0.5318187757715989
4869,0.5273498273014797
4870,0.5321431934681365
4871,0.5170454837977071
4872,0.5320811567108694
4873,0.5276403905338857
4874,0.614607223578442
4875,0.5511997315598721
4876,0.5377706434129716
4877,0.5369723724229908
4878,0.5275888638814901
4879,0.5458796721895001
4880,0.5667214574111316
4881,0.5325240514001724
4882,0.5278806756517131
4883,0.5316832049103051
4884,0.5433103997904695
4885,0.5316881859176827
4886,0.5277576540152434
4887,0.5320854810248443
4888,0.5322981790822561
4889,0.5171933580583895
4890,0.6532824930206037
4891,0.5316372663270863
4892,0.5170287903712776
4893,0.5368128589078078
4894,0.5169948462317003
4895,0.5273793650995402
4896,0.5315740387625572
4897,0.5318276705740005
4898,0.527166134509155
4899,0.531689235510315
4900,0.5272465876838188
4901,0.5320838503514108
4902,0.5318595318565592
4903,0.5269979877338584
4904,0.5411786083021767
4905,0.5322697333288807
4906,0.5274065892210632
4907,0.6726498154853318
4908,0.5318468489321669
4909,0.5258408638506387
4910,0.5698317964994388
4911,0.5420114122607258
4912,0.5444961714454953
4913,0.531613398206395
4914,0.5321148130102421
4915,0.5171944301004944
4916,0.5318353956479599
4917,0.5324675320677196
4918,0.5601091878459535
4919,0.551683525423301
4920,0.5503968276876384
4921,0.5508030626621505
4922,0.5235592079495062
4923,0.5172184875768175
4924,0.5320602904741321
4925,0.5316415664810702
4926,0.6642041700817344
4927,0.531596937707723
4928,0.5170911344671593
4929,0.6401317843860083
4930,0.6734105816841177
4931,0.5172181107965552
4932,0.5223189310808709
4933,0.677415442200728
4934,0.5323244962334981
4935,0.5322314362157416
4936,0.6734658694794553
4937,0.5172338836558519
4938,0.557835481500039
4939,0.5187106869399593
4940,0.5319070295310867
4941,0.5273546648297496
4942,0.5170543268944737
4943,0.6728342187251
4944,0.5170338559807446
4945,0.5286076629087181
4946,0.5316142042404991
4947,0.5318257638605359
4948,0.5171959626703305
4949,0.5316051793553364
4950,0.5440650108222413
4951,0.5193928138488902
4952,0.5441413663075056
4953,0.5316742973230542
4954,0.6215786283137475
4955,0.5320488263540734
4956,0.5275877502321266
4957,0.5172262054776868
4958,0.527756163545121
4959,0.5459182561740484
4960,0.5275718555636162
4961,0.5456780880711705
4962,0.5278097455935908
4963,0.517050683358466
4964,0.5170755812161901
4965,0.531944799278795
4966,0.5695768186809491
4967,0.5316659686035816
4968,0.5322761758395188
4969,0.5272456232526358
4970,0.5170682654381293
4971,0.5172302148036636
4972,0.5320531334129518
4973,0.517076120201473
4974,0.5172156447196192
4975,0.5438402120165501
4976,0.531810383103941
4977,0.5269758897369725
4978,0.5237650660558341
4979,0.5320149488557839
4980,0.673240237937261
4981,0.5258572762515686
4982,0.5363664687835626
4983,0.5322561624535956
4984,0.5269376768708951
4985,0.5317929111665083
4986,0.5318529967377879
4987,0.6940733413945929
4988,0.7772952743901641
4989,0.5254197121632198
4990,0.5169883587111843
4991,0.6399626235006262
4992,0.5172271734310633
4993,0.6770226974550613
4994,0.5367817883665761
4995,0.5316398204718421
4996,0.5318426685136335
4997,0.5171909301391545
4998,0.5365356024556244
4999,0.5410514641885318
